mapa,algoritmo,semilla,total,evacuados,supervivencia,tiempo_despeje,expandidos,segundos
1,genetico,2,34,33,0.9705882352941176,36,212,13.907
1,genetico,1,34,32,0.9411764705882353,38,813,14.92
1,genetico,3,34,32,0.9411764705882353,34,459,16.531
1,genetico,6,34,30,0.8823529411764706,43,1043,19.084
1,genetico,7,34,28,0.8235294117647058,41,704,20.253
1,genetico,4,34,32,0.9411764705882353,34,603,22.354
1,genetico,0,34,33,0.9705882352941176,39,113,28.13
1,genetico,5,34,33,0.9705882352941176,41,1126,27.884
1,genetico,8,34,32,0.9411764705882353,43,732,22.087
1,genetico,9,34,33,0.9705882352941176,38,592,25.308
1,genetico,10,34,32,0.9411764705882353,39,582,26.157
1,genetico,11,34,33,0.9705882352941176,39,351,25.529
1,genetico,13,34,34,1.0,42,622,34.954
1,genetico,15,34,34,1.0,40,216,35.585
1,genetico,17,34,31,0.9117647058823529,42,812,27.29
1,genetico,16,34,32,0.9411764705882353,42,377,32.591
1,genetico,19,34,30,0.8823529411764706,38,860,28.597
1,genetico,14,34,31,0.9117647058823529,37,391,47.956
1,genetico,12,34,34,1.0,39,933,59.331
1,genetico,18,34,31,0.9117647058823529,34,585,40.212
1,genetico,20,34,33,0.9705882352941176,41,664,30.452
1,genetico,22,34,31,0.9117647058823529,38,497,24.542
1,genetico,21,34,33,0.9705882352941176,38,367,34.162
1,genetico,23,34,29,0.8529411764705882,32,476,31.678
1,genetico,25,34,32,0.9411764705882353,38,0,24.829
1,genetico,24,34,30,0.8823529411764706,37,227,31.737
1,genetico,26,34,32,0.9411764705882353,41,462,27.119
1,genetico,27,34,30,0.8823529411764706,44,621,24.605
1,genetico,28,34,34,1.0,40,1030,29.319
1,genetico,31,34,33,0.9705882352941176,40,592,21.774
1,genetico,29,34,34,1.0,40,118,30.596
1,genetico,35,34,34,1.0,39,324,20.914
1,genetico,32,34,32,0.9411764705882353,38,573,28.578
1,genetico,30,34,33,0.9705882352941176,40,465,33.914
1,genetico,33,34,34,1.0,41,348,27.854
1,genetico,34,34,34,1.0,38,231,36.602
1,genetico,36,34,29,0.8529411764705882,41,522,29.054
1,genetico,37,34,34,1.0,31,359,24.68
1,genetico,38,34,31,0.9117647058823529,40,668,25.179
1,genetico,42,34,33,0.9705882352941176,40,456,21.57
1,genetico,41,34,31,0.9117647058823529,43,1090,24.534
1,genetico,39,34,31,0.9117647058823529,42,816,28.021
1,genetico,40,34,33,0.9705882352941176,38,698,27.953
1,genetico,45,34,32,0.9411764705882353,42,821,22.411
1,genetico,43,34,32,0.9411764705882353,44,442,28.655
1,genetico,44,34,31,0.9117647058823529,38,764,26.04
1,genetico,46,34,30,0.8823529411764706,41,718,26.239
1,genetico,47,34,33,0.9705882352941176,33,410,23.01
1,genetico,48,34,32,0.9411764705882353,42,389,24.497
1,genetico,49,34,33,0.9705882352941176,35,416,25.375
1,genetico,50,34,31,0.9117647058823529,40,996,28.866
1,genetico,51,34,33,0.9705882352941176,36,385,19.05
1,genetico,52,34,32,0.9411764705882353,36,214,16.683
1,genetico,53,34,34,1.0,42,360,20.508
1,genetico,54,34,31,0.9117647058823529,39,768,24.844
1,genetico,55,34,32,0.9411764705882353,35,357,22.147
1,genetico,57,34,33,0.9705882352941176,35,224,20.125
1,genetico,59,34,30,0.8823529411764706,34,235,17.274
1,genetico,56,34,31,0.9117647058823529,36,652,25.769
1,genetico,60,34,29,0.8529411764705882,36,261,23.053
1,genetico,61,34,31,0.9117647058823529,36,355,21.404
1,genetico,58,34,30,0.8823529411764706,37,466,30.016
1,genetico,63,34,32,0.9411764705882353,38,0,20.718
1,genetico,62,34,32,0.9411764705882353,32,524,23.125
1,genetico,64,34,33,0.9705882352941176,41,220,24.818
1,genetico,65,34,33,0.9705882352941176,38,367,25.033
1,genetico,68,34,29,0.8529411764705882,34,493,18.089
1,genetico,67,34,31,0.9117647058823529,37,387,22.137
1,genetico,66,34,33,0.9705882352941176,40,661,28.484
1,genetico,69,34,32,0.9411764705882353,34,449,21.059
1,genetico,70,34,32,0.9411764705882353,33,110,17.756
1,genetico,71,34,33,0.9705882352941176,40,447,22.317
1,genetico,72,34,31,0.9117647058823529,34,389,19.968
1,genetico,73,34,33,0.9705882352941176,35,243,18.169
1,genetico,74,34,28,0.8235294117647058,41,836,17.084
1,genetico,75,34,33,0.9705882352941176,36,202,16.319
1,genetico,76,34,33,0.9705882352941176,35,338,16.943
1,genetico,77,34,32,0.9411764705882353,33,235,16.023
1,genetico,78,34,33,0.9705882352941176,38,674,18.943
2,genetico,1,44,44,1.0,53,0,9.8
1,genetico,79,34,34,1.0,33,235,15.412
2,genetico,2,44,44,1.0,53,0,11.825
2,genetico,3,44,44,1.0,53,0,12.582
2,genetico,0,44,34,0.7727272727272727,43,702,17.216
2,genetico,4,44,44,1.0,53,0,16.457
2,genetico,6,44,44,1.0,53,0,13.055
2,genetico,8,44,44,1.0,53,0,12.173
2,genetico,5,44,39,0.8863636363636364,48,142,19.97
2,genetico,7,44,35,0.7954545454545454,44,600,17.893
2,genetico,10,44,44,1.0,53,0,14.963
2,genetico,9,44,37,0.8409090909090909,46,477,19.174
2,genetico,11,44,35,0.7954545454545454,44,536,18.516
2,genetico,14,44,44,1.0,53,0,14.123
2,genetico,15,44,44,1.0,53,0,13.978
2,genetico,12,44,35,0.7954545454545454,44,600,19.171
2,genetico,13,44,40,0.9090909090909091,49,264,20.236
2,genetico,16,44,35,0.7954545454545454,44,536,17.685
2,genetico,18,44,44,1.0,53,0,20.469
2,genetico,19,44,44,1.0,53,0,20.858
2,genetico,17,44,36,0.8181818181818182,45,536,25.686
2,genetico,20,44,44,1.0,53,0,19.014
2,genetico,21,44,44,1.0,53,0,18.316
2,genetico,22,44,44,1.0,53,0,24.899
2,genetico,23,44,34,0.7727272727272727,43,661,23.003
2,genetico,26,44,44,1.0,53,0,10.659
2,genetico,28,44,44,1.0,53,0,11.031
2,genetico,24,44,34,0.7727272727272727,43,662,26.063
2,genetico,25,44,38,0.8636363636363636,47,396,19.97
2,genetico,29,44,44,1.0,53,0,17.604
2,genetico,31,44,44,1.0,53,0,11.523
2,genetico,32,44,44,1.0,53,0,14.001
2,genetico,27,44,37,0.8409090909090909,46,477,24.467
2,genetico,33,44,44,1.0,53,0,13.25
2,genetico,30,44,35,0.7954545454545454,44,600,17.851
2,genetico,34,44,36,0.8181818181818182,45,477,19.7
2,genetico,36,44,34,0.7727272727272727,43,661,16.728
2,genetico,39,44,44,1.0,53,0,12.19
2,genetico,37,44,44,1.0,53,0,15.942
2,genetico,35,44,34,0.7727272727272727,43,662,20.517
2,genetico,41,44,36,0.8181818181818182,45,536,17.454
2,genetico,43,44,44,1.0,53,0,11.395
2,genetico,40,44,36,0.8181818181818182,45,536,22.78
2,genetico,38,44,36,0.8181818181818182,45,536,28.677
2,genetico,45,44,35,0.7954545454545454,44,600,16.719
2,genetico,42,44,44,1.0,53,0,22.399
2,genetico,46,44,44,1.0,53,0,21.011
2,genetico,49,44,44,1.0,53,0,13.54
2,genetico,47,44,35,0.7954545454545454,44,483,18.164
2,genetico,51,44,44,1.0,53,0,10.516
2,genetico,48,44,37,0.8409090909090909,46,477,17.211
2,genetico,44,44,37,0.8409090909090909,46,477,29.185
2,genetico,53,44,44,1.0,53,0,11.278
2,genetico,55,44,44,1.0,53,0,10.461
2,genetico,56,44,44,1.0,53,0,12.567
2,genetico,54,44,44,1.0,53,0,16.687
2,genetico,58,44,44,1.0,53,0,15.181
2,genetico,59,44,44,1.0,53,0,12.669
2,genetico,50,44,36,0.8181818181818182,45,477,29.685
2,genetico,52,44,35,0.7954545454545454,44,487,24.694
2,genetico,57,44,44,1.0,53,0,25.252
2,genetico,62,44,44,1.0,53,0,15.886
2,genetico,61,44,34,0.7727272727272727,43,661,21.565
2,genetico,60,44,36,0.8181818181818182,45,536,27.715
2,genetico,66,44,44,1.0,53,0,17.646
2,genetico,63,44,35,0.7954545454545454,44,600,24.936
2,genetico,65,44,38,0.8636363636363636,47,396,23.728
2,genetico,67,44,44,1.0,53,0,19.695
2,genetico,64,44,36,0.8181818181818182,45,536,28.207
2,genetico,69,44,44,1.0,53,0,13.642
2,genetico,72,44,44,1.0,53,0,9.973
2,genetico,71,44,35,0.7954545454545454,44,406,15.401
2,genetico,70,44,44,1.0,53,0,16.538
2,genetico,68,44,35,0.7954545454545454,44,348,24.325
2,genetico,74,44,44,1.0,53,0,11.898
2,genetico,73,44,34,0.7727272727272727,43,661,19.736
2,genetico,78,44,44,1.0,53,0,11.891
2,genetico,79,44,44,1.0,53,0,13.654
2,genetico,75,44,36,0.8181818181818182,45,400,22.083
3,genetico,1,29,29,1.0,24,0,15.727
2,genetico,76,44,34,0.7727272727272727,43,661,26.126
3,genetico,0,29,29,1.0,24,0,20.6
3,genetico,2,29,29,1.0,24,0,13.376
3,genetico,3,29,29,1.0,24,0,12.521
2,genetico,77,44,34,0.7727272727272727,43,662,25.014
3,genetico,6,29,29,1.0,24,0,7.887
3,genetico,5,29,28,0.9655172413793104,23,0,16.024
3,genetico,4,29,29,1.0,24,0,18.746
3,genetico,8,29,29,1.0,24,0,10.502
3,genetico,7,29,27,0.9310344827586207,21,0,15.843
3,genetico,10,29,29,1.0,24,0,14.309
3,genetico,11,29,27,0.9310344827586207,21,426,15.704
3,genetico,12,29,27,0.9310344827586207,21,259,12.638
3,genetico,15,29,29,1.0,24,0,10.883
3,genetico,14,29,29,1.0,24,0,11.7
3,genetico,13,29,29,1.0,24,0,13.335
3,genetico,9,29,29,1.0,24,0,23.221
3,genetico,16,29,27,0.9310344827586207,21,215,9.913
3,genetico,18,29,29,1.0,24,0,9.213
3,genetico,17,29,29,1.0,24,0,12.062
3,genetico,19,29,29,1.0,24,0,10.77
3,genetico,20,29,29,1.0,24,0,11.105
3,genetico,21,29,29,1.0,24,0,12.225
3,genetico,22,29,29,1.0,24,0,11.453
3,genetico,26,29,29,1.0,24,0,8.465
3,genetico,23,29,29,1.0,24,0,14.57
3,genetico,27,29,28,0.9655172413793104,23,0,9.824
3,genetico,25,29,29,1.0,24,0,16.055
3,genetico,24,29,27,0.9310344827586207,21,211,19.173
3,genetico,28,29,29,1.0,24,0,13.891
3,genetico,31,29,29,1.0,24,0,10.364
3,genetico,29,29,29,1.0,24,0,12.615
3,genetico,32,29,29,1.0,24,0,9.924
3,genetico,30,29,29,1.0,24,0,15.469
3,genetico,33,29,29,1.0,24,0,11.404
3,genetico,35,29,29,1.0,24,0,9.405
3,genetico,37,29,29,1.0,24,0,10.194
3,genetico,36,29,26,0.896551724137931,20,554,11.355
3,genetico,39,29,29,1.0,24,0,10.081
3,genetico,34,29,29,1.0,24,0,16.841
3,genetico,38,29,29,1.0,24,0,15.084
3,genetico,40,29,29,1.0,24,0,13.011
3,genetico,41,29,29,1.0,24,0,12.218
3,genetico,42,29,29,1.0,24,0,10.373
3,genetico,43,29,29,1.0,24,0,8.607
3,genetico,45,29,27,0.9310344827586207,21,196,11.465
3,genetico,46,29,29,1.0,24,0,10.382
3,genetico,49,29,29,1.0,24,0,7.9
3,genetico,50,29,28,0.9655172413793104,23,0,9.378
3,genetico,51,29,29,1.0,24,0,7.856
3,genetico,44,29,29,1.0,24,0,15.639
3,genetico,47,29,29,1.0,24,0,12.114
3,genetico,48,29,27,0.9310344827586207,21,239,11.043
3,genetico,53,29,29,1.0,24,0,9.337
3,genetico,54,29,29,1.0,24,0,8.622
3,genetico,52,29,28,0.9655172413793104,23,0,11.158
3,genetico,55,29,29,1.0,24,0,8.789
3,genetico,59,29,29,1.0,24,0,9.605
3,genetico,56,29,29,1.0,24,0,11.52
3,genetico,58,29,29,1.0,24,0,11.852
3,genetico,57,29,29,1.0,24,0,13.793
3,genetico,62,29,29,1.0,24,0,8.925
3,genetico,60,29,27,0.9310344827586207,21,403,11.266
3,genetico,61,29,26,0.896551724137931,21,967,12.211
3,genetico,63,29,27,0.9310344827586207,21,227,11.125
3,genetico,66,29,29,1.0,24,0,9.475
3,genetico,65,29,27,0.9310344827586207,21,378,10.998
3,genetico,67,29,29,1.0,24,0,10.399
3,genetico,68,29,29,1.0,24,0,9.775
3,genetico,70,29,29,1.0,24,0,8.222
3,genetico,69,29,29,1.0,24,0,10.164
3,genetico,64,29,29,1.0,24,0,18.357
3,genetico,72,29,29,1.0,24,0,7.365
3,genetico,71,29,29,1.0,24,0,9.497
1,bfs,0,34,27,0.7941176470588235,27,35664,0.355
1,bfs,1,34,28,0.8235294117647058,28,34310,0.363
1,bfs,2,34,31,0.9117647058823529,47,40625,0.535
1,bfs,3,34,26,0.7647058823529411,42,36142,0.388
1,bfs,4,34,27,0.7941176470588235,43,36890,0.421
1,bfs,5,34,28,0.8235294117647058,28,30235,0.555
3,genetico,73,29,27,0.9310344827586207,21,203,9.667
1,bfs,6,34,28,0.8235294117647058,43,37920,0.436
1,bfs,7,34,26,0.7647058823529411,42,34246,0.545
1,bfs,8,34,27,0.7941176470588235,42,37336,0.576
1,bfs,9,34,26,0.7647058823529411,43,34107,0.418
1,bfs,10,34,28,0.8235294117647058,45,37267,0.466
1,bfs,11,34,25,0.7352941176470589,42,30526,0.379
1,bfs,12,34,27,0.7941176470588235,27,35421,0.388
1,bfs,13,34,28,0.8235294117647058,28,32233,0.393
3,genetico,74,29,29,1.0,24,0,9.708
1,bfs,14,34,26,0.7647058823529411,42,31377,0.397
1,bfs,15,34,28,0.8235294117647058,45,33789,0.408
1,bfs,16,34,24,0.7058823529411765,40,33155,0.445
1,bfs,17,34,26,0.7647058823529411,43,32128,0.444
1,bfs,18,34,28,0.8235294117647058,45,38228,0.48
1,bfs,19,34,26,0.7647058823529411,41,33187,0.429
1,bfs,20,34,27,0.7941176470588235,42,32366,0.419
1,bfs,21,34,27,0.7941176470588235,43,37513,0.446
1,bfs,22,34,26,0.7647058823529411,26,35697,0.38
1,bfs,23,34,26,0.7647058823529411,42,34687,0.418
1,bfs,24,34,26,0.7647058823529411,42,35572,0.464
1,bfs,25,34,31,0.9117647058823529,31,34836,0.439
3,genetico,75,29,28,0.9655172413793104,23,0,9.759
3,genetico,77,29,26,0.896551724137931,20,413,8.597
1,bfs,26,34,28,0.8235294117647058,44,37836,0.49
1,bfs,27,34,27,0.7941176470588235,43,33649,0.429
1,bfs,30,34,28,0.8235294117647058,28,29474,0.292
1,bfs,28,34,28,0.8235294117647058,44,35597,0.439
1,bfs,29,34,26,0.7647058823529411,42,36114,0.374
1,bfs,31,34,28,0.8235294117647058,45,37048,0.448
1,bfs,33,34,30,0.8823529411764706,46,32745,0.353
1,bfs,35,34,28,0.8235294117647058,28,30899,0.311
1,bfs,34,34,28,0.8235294117647058,28,30147,0.419
1,bfs,32,34,28,0.8235294117647058,43,36940,0.547
1,bfs,38,34,24,0.7058823529411765,24,31479,0.293
1,bfs,36,34,23,0.6764705882352942,39,31756,0.481
1,bfs,37,34,29,0.8529411764705882,45,32857,0.332
1,bfs,40,34,28,0.8235294117647058,28,33721,0.364
1,bfs,39,34,27,0.7941176470588235,43,37888,0.418
1,bfs,41,34,26,0.7647058823529411,42,35107,0.357
1,bfs,43,34,26,0.7647058823529411,42,34279,0.347
1,bfs,42,34,26,0.7647058823529411,42,35777,0.406
3,genetico,78,29,29,1.0,24,0,8.719
1,bfs,44,34,27,0.7941176470588235,43,32966,0.431
1,bfs,45,34,26,0.7647058823529411,43,34194,0.452
1,bfs,47,34,30,0.8823529411764706,30,35859,0.371
1,bfs,46,34,28,0.8235294117647058,44,37899,0.414
1,bfs,49,34,30,0.8823529411764706,47,39474,0.424
1,bfs,48,34,25,0.7352941176470589,42,33465,0.471
1,bfs,50,34,26,0.7647058823529411,43,32084,0.423
1,bfs,52,34,26,0.7647058823529411,26,33613,0.319
1,bfs,51,34,28,0.8235294117647058,44,34903,0.43
1,bfs,53,34,28,0.8235294117647058,44,35267,0.367
1,bfs,54,34,27,0.7941176470588235,43,36309,0.373
1,bfs,55,34,27,0.7941176470588235,27,35046,0.406
1,bfs,57,34,30,0.8823529411764706,46,38348,0.413
1,bfs,59,34,26,0.7647058823529411,42,36703,0.403
1,bfs,56,34,28,0.8235294117647058,45,37426,0.558
1,bfs,60,34,26,0.7647058823529411,42,35810,0.404
1,bfs,58,34,26,0.7647058823529411,41,36143,0.552
3,genetico,79,29,29,1.0,24,0,9.412
1,bfs,62,34,27,0.7941176470588235,43,37139,0.449
1,bfs,61,34,26,0.7647058823529411,42,33844,0.683
1,bfs,63,34,28,0.8235294117647058,45,35290,0.454
1,bfs,65,34,26,0.7647058823529411,26,34177,0.389
1,bfs,64,34,26,0.7647058823529411,42,36130,0.606
1,bfs,68,34,25,0.7352941176470589,25,29428,0.293
1,bfs,66,34,31,0.9117647058823529,48,39926,0.626
1,bfs,67,34,29,0.8529411764705882,45,38703,0.546
1,bfs,71,34,28,0.8235294117647058,45,31197,0.323
1,bfs,70,34,28,0.8235294117647058,44,37842,0.383
1,bfs,69,34,27,0.7941176470588235,43,36186,0.446
1,bfs,73,34,27,0.7941176470588235,27,34196,0.347
1,bfs,72,34,28,0.8235294117647058,45,34647,0.485
1,bfs,76,34,27,0.7941176470588235,27,33508,0.347
1,bfs,77,34,28,0.8235294117647058,28,33909,0.36
1,bfs,75,34,27,0.7941176470588235,44,30265,0.428
1,bfs,74,34,25,0.7352941176470589,39,35710,0.481
1,bfs,78,34,28,0.8235294117647058,44,38383,0.508
1,bfs,79,34,29,0.8529411764705882,45,37923,0.389
1,bfs,82,34,27,0.7941176470588235,27,32600,0.307
1,bfs,81,34,25,0.7352941176470589,42,34192,0.353
1,bfs,80,34,25,0.7352941176470589,42,32516,0.38
1,bfs,83,34,26,0.7647058823529411,26,32911,0.348
1,bfs,84,34,26,0.7647058823529411,43,34876,0.399
1,bfs,86,34,31,0.9117647058823529,48,30958,0.317
1,bfs,85,34,26,0.7647058823529411,42,34247,0.387
1,bfs,87,34,30,0.8823529411764706,30,30457,0.287
1,bfs,88,34,26,0.7647058823529411,26,33464,0.322
1,bfs,89,34,28,0.8235294117647058,45,35076,0.397
1,bfs,90,34,28,0.8235294117647058,44,38034,0.428
1,bfs,92,34,28,0.8235294117647058,45,30478,0.322
1,bfs,91,34,29,0.8529411764705882,45,36745,0.418
1,bfs,93,34,26,0.7647058823529411,26,29820,0.312
1,bfs,94,34,26,0.7647058823529411,42,36126,0.365
1,bfs,95,34,26,0.7647058823529411,42,33579,0.35
1,bfs,96,34,25,0.7352941176470589,41,34499,0.392
1,bfs,97,34,25,0.7352941176470589,40,35245,0.4
1,bfs,98,34,27,0.7941176470588235,44,35813,0.363
1,bfs,99,34,27,0.7941176470588235,27,33314,0.366
1,bfs,100,34,26,0.7647058823529411,41,36237,0.415
1,bfs,101,34,28,0.8235294117647058,43,35184,0.361
1,bfs,102,34,26,0.7647058823529411,42,37198,0.375
1,bfs,103,34,28,0.8235294117647058,28,27803,0.297
1,bfs,105,34,29,0.8529411764705882,29,36997,0.357
1,bfs,106,34,27,0.7941176470588235,27,33917,0.41
1,bfs,104,34,30,0.8823529411764706,46,36424,0.474
1,bfs,108,34,26,0.7647058823529411,42,37021,0.401
1,bfs,109,34,26,0.7647058823529411,42,34920,0.39
1,bfs,107,34,26,0.7647058823529411,41,32696,0.493
1,bfs,110,34,26,0.7647058823529411,26,29471,0.43
1,bfs,111,34,28,0.8235294117647058,44,38056,0.431
1,bfs,114,34,30,0.8823529411764706,30,31738,0.326
1,bfs,115,34,28,0.8235294117647058,28,37473,0.472
1,bfs,112,34,26,0.7647058823529411,43,31882,0.616
1,bfs,113,34,27,0.7941176470588235,43,32727,0.716
1,bfs,118,34,29,0.8529411764705882,29,37442,0.689
1,bfs,119,34,27,0.7941176470588235,44,31884,0.672
1,bfs,116,34,25,0.7352941176470589,42,32399,1.196
1,bfs,120,34,28,0.8235294117647058,45,35263,0.785
1,bfs,117,34,27,0.7941176470588235,43,34361,1.47
1,bfs,124,34,25,0.7352941176470589,25,31785,0.691
1,bfs,122,34,28,0.8235294117647058,45,34228,1.331
1,bfs,123,34,28,0.8235294117647058,44,38704,1.055
1,bfs,126,34,26,0.7647058823529411,41,36159,0.813
1,bfs,121,34,28,0.8235294117647058,45,37143,1.591
1,bfs,128,34,27,0.7941176470588235,43,37828,0.463
1,bfs,127,34,28,0.8235294117647058,44,34690,0.584
1,bfs,125,34,26,0.7647058823529411,42,36890,0.992
1,bfs,129,34,27,0.7941176470588235,44,35180,0.362
1,bfs,133,34,26,0.7647058823529411,26,30598,0.297
1,bfs,130,34,27,0.7941176470588235,43,36819,0.435
1,bfs,131,34,26,0.7647058823529411,43,31834,0.366
1,bfs,132,34,26,0.7647058823529411,26,33177,0.353
1,bfs,134,34,30,0.8823529411764706,30,32232,0.306
1,bfs,135,34,27,0.7941176470588235,43,32609,0.374
1,bfs,136,34,23,0.6764705882352942,39,32287,0.33
3,genetico,76,29,27,0.9310344827586207,21,54,17.501
1,bfs,139,34,29,0.8529411764705882,45,29659,0.344
1,bfs,137,34,26,0.7647058823529411,42,36584,0.367
1,bfs,140,34,29,0.8529411764705882,29,36308,0.383
1,bfs,141,34,26,0.7647058823529411,42,36114,0.363
1,bfs,138,34,28,0.8235294117647058,45,37513,0.422
1,bfs,142,34,28,0.8235294117647058,28,35093,0.396
1,bfs,144,34,26,0.7647058823529411,43,34255,0.365
1,bfs,143,34,30,0.8823529411764706,47,39039,0.412
1,bfs,145,34,25,0.7352941176470589,25,33900,0.396
1,bfs,148,34,27,0.7941176470588235,44,29117,0.366
1,bfs,146,34,27,0.7941176470588235,42,36155,0.418
1,bfs,149,34,26,0.7647058823529411,41,35162,0.437
1,bfs,147,34,29,0.8529411764705882,46,38503,0.481
1,bfs,151,34,28,0.8235294117647058,44,29297,0.355
1,bfs,150,34,26,0.7647058823529411,43,33692,0.405
1,bfs,152,34,24,0.7058823529411765,40,32418,0.371
1,bfs,155,34,26,0.7647058823529411,26,30986,0.327
1,bfs,153,34,28,0.8235294117647058,45,30717,0.42
1,bfs,154,34,29,0.8529411764705882,45,33188,0.469
1,bfs,157,34,27,0.7941176470588235,27,34585,0.371
1,bfs,156,34,25,0.7352941176470589,41,34609,0.474
1,bfs,158,34,26,0.7647058823529411,41,35679,0.399
1,bfs,160,34,27,0.7941176470588235,27,35849,0.373
1,bfs,159,34,26,0.7647058823529411,43,33204,0.457
1,bfs,161,34,27,0.7941176470588235,43,37658,0.407
1,bfs,162,34,26,0.7647058823529411,42,30558,0.391
1,bfs,164,34,27,0.7941176470588235,43,33653,0.356
1,bfs,163,34,27,0.7941176470588235,43,36346,0.422
1,bfs,167,34,28,0.8235294117647058,28,36009,0.356
1,bfs,166,34,27,0.7941176470588235,43,37319,0.396
1,bfs,165,34,30,0.8823529411764706,46,39873,0.455
1,bfs,168,34,26,0.7647058823529411,42,32644,0.376
1,bfs,169,34,29,0.8529411764705882,29,32669,0.323
1,bfs,170,34,26,0.7647058823529411,42,31627,0.363
1,bfs,171,34,27,0.7941176470588235,43,33218,0.354
1,bfs,172,34,27,0.7941176470588235,44,36119,0.413
1,bfs,173,34,27,0.7941176470588235,44,32286,0.346
1,bfs,174,34,28,0.8235294117647058,45,37574,0.39
1,bfs,175,34,26,0.7647058823529411,42,35825,0.39
1,bfs,177,34,26,0.7647058823529411,42,34494,0.359
1,bfs,176,34,28,0.8235294117647058,44,37454,0.425
1,bfs,178,34,30,0.8823529411764706,46,33925,0.389
1,bfs,179,34,28,0.8235294117647058,44,37153,0.386
1,bfs,181,34,27,0.7941176470588235,43,35482,0.363
1,bfs,180,34,26,0.7647058823529411,41,36839,0.415
1,bfs,184,34,24,0.7058823529411765,24,32240,0.315
1,bfs,182,34,26,0.7647058823529411,43,33484,0.348
1,bfs,183,34,27,0.7941176470588235,43,36896,0.415
1,bfs,186,34,29,0.8529411764705882,29,29739,0.318
1,bfs,185,34,27,0.7941176470588235,42,36843,0.427
1,bfs,187,34,28,0.8235294117647058,45,34090,0.36
1,bfs,188,34,26,0.7647058823529411,42,34606,0.366
1,bfs,191,34,27,0.7941176470588235,42,33381,0.356
1,bfs,189,34,26,0.7647058823529411,42,34242,0.402
1,bfs,190,34,26,0.7647058823529411,42,36608,0.381
1,bfs,192,34,25,0.7352941176470589,41,33312,0.384
1,bfs,193,34,28,0.8235294117647058,45,30382,0.361
1,bfs,195,34,27,0.7941176470588235,44,33301,0.354
1,bfs,194,34,26,0.7647058823529411,41,36435,0.411
1,bfs,197,34,26,0.7647058823529411,42,33328,0.357
1,bfs,199,34,25,0.7352941176470589,41,31325,0.343
1,bfs,196,34,30,0.8823529411764706,47,39383,0.42
1,bfs,198,34,26,0.7647058823529411,42,36821,0.461
2,bfs,0,44,33,0.75,42,51887,0.647
2,bfs,2,44,44,1.0,53,59375,0.598
2,bfs,5,44,39,0.8863636363636364,48,42422,0.433
2,bfs,1,44,44,1.0,53,58291,0.754
2,bfs,4,44,44,1.0,53,56926,0.581
2,bfs,3,44,44,1.0,53,58913,0.757
2,bfs,6,44,44,1.0,53,59113,0.6
2,bfs,7,44,35,0.7954545454545454,44,49758,0.61
2,bfs,9,44,37,0.8409090909090909,46,52403,0.51
2,bfs,10,44,44,1.0,53,59264,0.589
2,bfs,12,44,34,0.7727272727272727,43,48699,0.489
2,bfs,11,44,35,0.7954545454545454,44,45084,0.596
2,bfs,14,44,44,1.0,53,53383,0.538
2,bfs,8,44,44,1.0,53,58939,0.752
2,bfs,13,44,40,0.9090909090909091,49,44218,0.594
2,bfs,15,44,44,1.0,53,53052,0.68
2,bfs,16,44,35,0.7954545454545454,44,50778,0.504
2,bfs,17,44,36,0.8181818181818182,45,45294,0.455
2,bfs,18,44,44,1.0,53,57819,0.593
2,bfs,20,44,44,1.0,53,59001,0.603
2,bfs,21,44,44,1.0,53,56342,0.664
2,bfs,19,44,44,1.0,53,59052,0.718
2,bfs,24,44,33,0.75,42,48124,0.47
2,bfs,22,44,44,1.0,53,59446,0.717
2,bfs,25,44,38,0.8636363636363636,47,45957,0.456
2,bfs,23,44,33,0.75,42,46144,0.564
2,bfs,27,44,37,0.8409090909090909,46,43877,0.424
2,bfs,26,44,44,1.0,53,59368,0.579
2,bfs,30,44,35,0.7954545454545454,44,38950,0.369
2,bfs,28,44,44,1.0,53,59436,0.651
2,bfs,29,44,44,1.0,53,59109,0.653
2,bfs,32,44,44,1.0,53,58908,0.58
2,bfs,33,44,44,1.0,53,53701,0.589
2,bfs,31,44,44,1.0,53,59304,0.65
2,bfs,34,44,36,0.8181818181818182,45,50066,0.46
2,bfs,35,44,34,0.7727272727272727,43,42691,0.406
2,bfs,36,44,33,0.75,42,45996,0.421
2,bfs,37,44,44,1.0,53,48779,0.605
2,bfs,39,44,44,1.0,53,56079,0.549
2,bfs,38,44,36,0.8181818181818182,45,51022,0.631
2,bfs,40,44,36,0.8181818181818182,45,50772,0.611
2,bfs,41,44,36,0.8181818181818182,45,50793,0.609
2,bfs,42,44,44,1.0,53,57274,0.548
2,bfs,44,44,37,0.8409090909090909,46,52094,0.495
2,bfs,43,44,44,1.0,53,57712,0.56
2,bfs,45,44,35,0.7954545454545454,44,45178,0.507
2,bfs,50,44,36,0.8181818181818182,45,46913,0.452
2,bfs,46,44,44,1.0,53,59082,0.592
2,bfs,47,44,35,0.7954545454545454,44,47634,0.563
2,bfs,52,44,35,0.7954545454545454,44,51392,0.504
2,bfs,48,44,37,0.8409090909090909,46,50391,0.595
2,bfs,51,44,44,1.0,53,59418,0.587
2,bfs,49,44,44,1.0,53,57983,0.674
2,bfs,54,44,44,1.0,53,59101,0.555
2,bfs,53,44,44,1.0,53,59292,0.618
2,bfs,55,44,44,1.0,53,59202,0.565
2,bfs,57,44,44,1.0,53,59261,0.57
2,bfs,56,44,44,1.0,53,59082,0.614
2,bfs,59,44,44,1.0,53,57358,0.547
2,bfs,60,44,36,0.8181818181818182,45,51045,0.519
2,bfs,58,44,44,1.0,53,59033,0.626
2,bfs,61,44,33,0.75,42,46225,0.458
2,bfs,63,44,35,0.7954545454545454,44,49744,0.5
2,bfs,64,44,36,0.8181818181818182,45,50563,0.502
2,bfs,62,44,44,1.0,53,59398,0.709
2,bfs,65,44,38,0.8636363636363636,47,53276,0.622
2,bfs,66,44,44,1.0,53,59552,0.593
2,bfs,68,44,35,0.7954545454545454,44,47233,0.562
2,bfs,67,44,44,1.0,53,59118,0.681
2,bfs,69,44,44,1.0,53,55548,0.533
2,bfs,71,44,35,0.7954545454545454,44,50652,0.474
2,bfs,70,44,44,1.0,53,57430,0.539
2,bfs,73,44,33,0.75,42,45424,0.45
2,bfs,72,44,44,1.0,53,53570,0.548
2,bfs,75,44,36,0.8181818181818182,45,48378,0.498
2,bfs,74,44,44,1.0,53,59220,0.554
2,bfs,76,44,33,0.75,42,46817,0.473
2,bfs,77,44,33,0.75,42,48036,0.446
2,bfs,78,44,44,1.0,53,59429,0.559
2,bfs,79,44,44,1.0,53,57806,0.546
2,bfs,80,44,34,0.7727272727272727,43,48057,0.476
2,bfs,83,44,33,0.75,42,46632,0.431
2,bfs,81,44,35,0.7954545454545454,44,51862,0.531
2,bfs,82,44,44,1.0,53,53461,0.583
2,bfs,84,44,37,0.8409090909090909,46,52279,0.552
2,bfs,85,44,44,1.0,53,53720,0.504
2,bfs,87,44,44,1.0,53,44835,0.431
2,bfs,86,44,44,1.0,53,54480,0.517
2,bfs,88,44,33,0.75,42,47769,0.541
2,bfs,89,44,44,1.0,53,53574,0.504
2,bfs,93,44,36,0.8181818181818182,45,46426,0.434
2,bfs,92,44,36,0.8181818181818182,45,47518,0.503
2,bfs,90,44,44,1.0,53,59399,0.635
2,bfs,91,44,44,1.0,53,59516,0.659
2,bfs,94,44,44,1.0,53,59170,0.561
2,bfs,95,44,44,1.0,53,54432,0.548
2,bfs,96,44,37,0.8409090909090909,46,51842,0.538
2,bfs,97,44,44,1.0,53,59195,0.601
2,bfs,98,44,37,0.8409090909090909,46,49715,0.503
2,bfs,99,44,35,0.7954545454545454,44,50777,0.526
2,bfs,100,44,44,1.0,53,57265,0.604
2,bfs,101,44,44,1.0,53,59063,0.618
2,bfs,103,44,40,0.9090909090909091,49,39907,0.439
2,bfs,102,44,44,1.0,53,59345,0.646
2,bfs,104,44,44,1.0,53,53492,0.568
2,bfs,105,44,36,0.8181818181818182,45,51582,0.568
2,bfs,106,44,35,0.7954545454545454,44,49810,0.566
2,bfs,107,44,44,1.0,53,53619,0.569
2,bfs,110,44,34,0.7727272727272727,43,44282,0.493
2,bfs,109,44,33,0.75,42,47934,0.543
2,bfs,108,44,44,1.0,53,59373,0.655
2,bfs,112,44,33,0.75,42,47949,0.527
2,bfs,111,44,44,1.0,53,59231,0.604
2,bfs,113,44,44,1.0,53,51601,0.51
2,bfs,114,44,44,1.0,53,59140,0.559
2,bfs,115,44,40,0.9090909090909091,49,53515,0.581
2,bfs,116,44,35,0.7954545454545454,44,49734,0.462
2,bfs,117,44,44,1.0,53,59050,0.634
2,bfs,119,44,34,0.7727272727272727,43,48516,0.5
2,bfs,118,44,44,1.0,53,59265,0.636
2,bfs,120,44,44,1.0,53,59263,0.565
2,bfs,121,44,44,1.0,53,59363,0.562
2,bfs,122,44,44,1.0,53,57694,0.545
2,bfs,124,44,36,0.8181818181818182,45,50934,0.475
2,bfs,123,44,44,1.0,53,59319,0.622
2,bfs,127,44,44,1.0,53,56848,0.615
2,bfs,125,44,44,1.0,53,57559,0.637
2,bfs,126,44,44,1.0,53,58947,0.642
2,bfs,129,44,38,0.8636363636363636,47,53235,0.509
2,bfs,128,44,44,1.0,53,59218,0.583
2,bfs,131,44,38,0.8636363636363636,47,50047,0.49
2,bfs,130,44,36,0.8181818181818182,45,53709,0.517
2,bfs,132,44,37,0.8409090909090909,46,49663,0.59
2,bfs,136,44,38,0.8636363636363636,47,53592,0.552
2,bfs,133,44,36,0.8181818181818182,45,45457,0.628
2,bfs,139,44,44,1.0,53,48656,0.524
2,bfs,135,44,34,0.7727272727272727,43,48283,0.642
2,bfs,134,44,40,0.9090909090909091,49,51001,0.689
2,bfs,137,44,44,1.0,53,59061,0.622
2,bfs,138,44,44,1.0,53,59325,0.615
2,bfs,140,44,44,1.0,53,59090,0.75
2,bfs,142,44,34,0.7727272727272727,43,49159,0.527
2,bfs,141,44,44,1.0,53,58871,0.573
2,bfs,144,44,35,0.7954545454545454,44,48636,0.53
2,bfs,143,44,44,1.0,53,59239,0.563
2,bfs,146,44,44,1.0,53,58843,0.576
2,bfs,145,44,35,0.7954545454545454,44,52510,0.605
2,bfs,147,44,44,1.0,53,59308,0.585
2,bfs,148,44,38,0.8636363636363636,47,43664,0.53
2,bfs,150,44,34,0.7727272727272727,43,48474,0.471
2,bfs,152,44,33,0.75,42,47949,0.454
2,bfs,155,44,34,0.7727272727272727,43,42682,0.423
2,bfs,151,44,36,0.8181818181818182,45,45360,0.558
2,bfs,153,44,35,0.7954545454545454,44,53534,0.514
2,bfs,154,44,44,1.0,53,45497,0.552
2,bfs,149,44,44,1.0,53,58996,0.718
2,bfs,157,44,33,0.75,42,45909,0.441
2,bfs,156,44,35,0.7954545454545454,44,48298,0.551
2,bfs,159,44,34,0.7727272727272727,43,48264,0.469
2,bfs,158,44,44,1.0,53,59347,0.585
2,bfs,161,44,44,1.0,53,57663,0.585
2,bfs,160,44,44,1.0,53,57514,0.701
2,bfs,162,44,44,1.0,53,53668,0.638
2,bfs,163,44,36,0.8181818181818182,45,52126,0.62
2,bfs,164,44,44,1.0,53,53593,0.543
2,bfs,166,44,44,1.0,53,59294,0.596
2,bfs,167,44,44,1.0,53,59547,0.59
2,bfs,165,44,44,1.0,53,57934,0.697
2,bfs,168,44,44,1.0,53,59297,0.586
2,bfs,169,44,34,0.7727272727272727,43,48390,0.536
2,bfs,171,44,34,0.7727272727272727,43,48526,0.531
2,bfs,170,44,34,0.7727272727272727,43,49509,0.55
2,bfs,172,44,37,0.8409090909090909,46,47641,0.46
2,bfs,173,44,35,0.7954545454545454,44,49752,0.477
2,bfs,175,44,37,0.8409090909090909,46,52373,0.537
2,bfs,174,44,44,1.0,53,59099,0.568
2,bfs,176,44,44,1.0,53,59051,0.567
2,bfs,178,44,44,1.0,53,48699,0.526
2,bfs,177,44,44,1.0,53,59142,0.639
2,bfs,180,44,44,1.0,53,57078,0.559
2,bfs,179,44,44,1.0,53,59177,0.661
2,bfs,181,44,44,1.0,53,52075,0.515
2,bfs,183,44,44,1.0,53,57636,0.561
2,bfs,182,44,34,0.7727272727272727,43,50179,0.577
2,bfs,184,44,36,0.8181818181818182,45,53527,0.519
2,bfs,187,44,35,0.7954545454545454,44,44069,0.421
2,bfs,186,44,36,0.8181818181818182,45,40077,0.441
2,bfs,189,44,33,0.75,42,46978,0.458
2,bfs,185,44,44,1.0,53,59200,0.705
2,bfs,188,44,44,1.0,53,59073,0.677
2,bfs,193,44,35,0.7954545454545454,44,44690,0.443
2,bfs,192,44,33,0.75,42,47470,0.462
2,bfs,190,44,44,1.0,53,57134,0.564
2,bfs,191,44,44,1.0,53,53423,0.626
2,bfs,195,44,36,0.8181818181818182,45,46662,0.447
2,bfs,194,44,44,1.0,53,59201,0.648
3,bfs,0,29,25,0.8620689655172413,23,34047,0.343
2,bfs,196,44,44,1.0,53,59451,0.644
2,bfs,199,44,34,0.7727272727272727,43,43676,0.421
3,bfs,1,29,29,1.0,24,31369,0.35
2,bfs,197,44,44,1.0,53,54619,0.604
3,bfs,2,29,29,1.0,24,35597,0.362
2,bfs,198,44,44,1.0,53,59095,0.587
3,bfs,3,29,29,1.0,24,35486,0.448
3,bfs,4,29,29,1.0,24,35200,0.374
3,bfs,5,29,26,0.896551724137931,23,25986,0.369
3,bfs,6,29,29,1.0,24,35263,0.384
3,bfs,9,29,26,0.896551724137931,23,32378,0.336
3,bfs,7,29,24,0.8275862068965517,22,33902,0.443
3,bfs,8,29,29,1.0,24,35161,0.45
3,bfs,10,29,29,1.0,24,35614,0.367
3,bfs,11,29,25,0.8620689655172413,21,30761,0.36
3,bfs,13,29,26,0.896551724137931,23,26981,0.29
3,bfs,12,29,23,0.7931034482758621,21,31666,0.311
3,bfs,14,29,29,1.0,24,31225,0.315
3,bfs,15,29,29,1.0,24,31991,0.33
3,bfs,16,29,24,0.8275862068965517,22,32162,0.408
3,bfs,18,29,29,1.0,24,35569,0.368
3,bfs,17,29,25,0.8620689655172413,23,29957,0.391
3,bfs,19,29,29,1.0,24,31226,0.402
3,bfs,21,29,29,1.0,24,35586,0.37
3,bfs,20,29,29,1.0,24,31590,0.412
3,bfs,22,29,29,1.0,24,35433,0.363
3,bfs,23,29,25,0.8620689655172413,23,31694,0.319
3,bfs,25,29,27,0.9310344827586207,23,26876,0.268
3,bfs,24,29,22,0.7586206896551724,21,33295,0.397
3,bfs,30,29,26,0.896551724137931,23,24579,0.266
3,bfs,28,29,29,1.0,24,31530,0.324
3,bfs,26,29,29,1.0,24,35710,0.445
3,bfs,27,29,26,0.896551724137931,23,28700,0.372
3,bfs,31,29,29,1.0,24,35463,0.369
3,bfs,29,29,29,1.0,24,35336,0.439
3,bfs,32,29,29,1.0,24,35242,0.365
3,bfs,35,29,27,0.9310344827586207,23,25865,0.25
3,bfs,34,29,26,0.896551724137931,23,25655,0.256
3,bfs,33,29,29,1.0,24,28267,0.319
3,bfs,37,29,29,1.0,24,27743,0.299
3,bfs,36,29,21,0.7241379310344828,20,33343,0.356
3,bfs,38,29,26,0.896551724137931,23,33557,0.324
3,bfs,40,29,26,0.896551724137931,23,28912,0.281
3,bfs,39,29,29,1.0,24,35529,0.393
3,bfs,41,29,25,0.8620689655172413,23,32224,0.316
3,bfs,42,29,29,1.0,24,35351,0.35
3,bfs,43,29,29,1.0,24,32448,0.44
3,bfs,47,29,26,0.896551724137931,23,28761,0.303
3,bfs,44,29,26,0.896551724137931,23,29502,0.437
3,bfs,46,29,29,1.0,24,35656,0.37
3,bfs,45,29,25,0.8620689655172413,22,32401,0.493
3,bfs,50,29,25,0.8620689655172413,23,29417,0.311
3,bfs,49,29,29,1.0,24,35652,0.365
3,bfs,48,29,24,0.8275862068965517,22,33130,0.477
3,bfs,51,29,29,1.0,24,31360,0.405
3,bfs,52,29,25,0.8620689655172413,23,34822,0.352
3,bfs,53,29,29,1.0,24,31574,0.374
3,bfs,54,29,29,1.0,24,35157,0.354
3,bfs,55,29,29,1.0,24,35279,0.398
3,bfs,56,29,29,1.0,24,35517,0.353
3,bfs,57,29,29,1.0,24,35236,0.345
3,bfs,58,29,29,1.0,24,35141,0.37
3,bfs,60,29,24,0.8275862068965517,21,33164,0.321
3,bfs,59,29,29,1.0,24,35340,0.375
3,bfs,61,29,23,0.7931034482758621,21,32117,0.341
3,bfs,62,29,29,1.0,24,35394,0.347
3,bfs,65,29,23,0.7931034482758621,21,32711,0.317
3,bfs,64,29,25,0.8620689655172413,23,34069,0.331
3,bfs,63,29,25,0.8620689655172413,22,33500,0.356
3,bfs,66,29,29,1.0,24,35555,0.366
3,bfs,68,29,25,0.8620689655172413,23,29528,0.31
3,bfs,67,29,29,1.0,24,35525,0.348
3,bfs,71,29,26,0.896551724137931,23,26585,0.257
3,bfs,69,29,29,1.0,24,35343,0.369
3,bfs,70,29,29,1.0,24,35263,0.346
3,bfs,72,29,29,1.0,24,31318,0.302
3,bfs,73,29,22,0.7586206896551724,21,33808,0.351
3,bfs,75,29,25,0.8620689655172413,23,25892,0.273
3,bfs,76,29,25,0.8620689655172413,23,32997,0.323
3,bfs,74,29,29,1.0,24,35247,0.379
3,bfs,77,29,22,0.7586206896551724,20,31868,0.312
3,bfs,80,29,20,0.6896551724137931,19,32352,0.319
3,bfs,78,29,29,1.0,24,35269,0.371
3,bfs,79,29,29,1.0,24,35416,0.35
3,bfs,81,29,23,0.7931034482758621,21,33335,0.351
3,bfs,82,29,29,1.0,24,31295,0.335
3,bfs,83,29,21,0.7241379310344828,20,32691,0.314
3,bfs,86,29,29,1.0,24,24225,0.239
3,bfs,85,29,29,1.0,24,31435,0.304
3,bfs,84,29,26,0.896551724137931,23,32132,0.342
3,bfs,87,29,29,1.0,24,24962,0.266
3,bfs,88,29,25,0.8620689655172413,23,33201,0.329
3,bfs,89,29,29,1.0,24,31286,0.372
3,bfs,92,29,26,0.896551724137931,23,25181,0.255
3,bfs,93,29,25,0.8620689655172413,23,28009,0.286
3,bfs,91,29,29,1.0,24,31438,0.322
3,bfs,90,29,29,1.0,24,35533,0.44
3,bfs,96,29,26,0.896551724137931,23,32917,0.353
3,bfs,95,29,29,1.0,24,31677,0.427
3,bfs,94,29,29,1.0,24,35242,0.474
3,bfs,98,29,26,0.896551724137931,23,30800,0.332
3,bfs,99,29,26,0.896551724137931,23,32624,0.35
3,bfs,100,29,29,1.0,24,35404,0.376
3,bfs,97,29,29,1.0,24,35434,0.479
3,bfs,103,29,27,0.9310344827586207,23,22997,0.278
3,bfs,101,29,29,1.0,24,31275,0.397
3,bfs,102,29,29,1.0,24,35530,0.367
3,bfs,104,29,29,1.0,24,31239,0.374
3,bfs,105,29,26,0.896551724137931,23,33205,0.338
3,bfs,106,29,24,0.8275862068965517,21,32608,0.324
3,bfs,107,29,29,1.0,24,31325,0.324
3,bfs,109,29,23,0.7931034482758621,21,31081,0.409
3,bfs,110,29,23,0.7931034482758621,21,26813,0.381
3,bfs,108,29,29,1.0,24,35366,0.489
3,bfs,113,29,29,1.0,24,31181,0.325
3,bfs,114,29,29,1.0,24,27989,0.286
3,bfs,111,29,29,1.0,24,35645,0.436
3,bfs,112,29,23,0.7931034482758621,21,27246,0.407
3,bfs,115,29,26,0.896551724137931,23,33007,0.336
3,bfs,116,29,21,0.7241379310344828,20,32128,0.32
3,bfs,117,29,29,1.0,24,31410,0.375
3,bfs,119,29,23,0.7931034482758621,21,29627,0.297
3,bfs,120,29,29,1.0,24,31731,0.308
3,bfs,118,29,29,1.0,24,35410,0.449
3,bfs,122,29,29,1.0,24,31819,0.383
3,bfs,123,29,29,1.0,24,35603,0.354
3,bfs,121,29,29,1.0,24,35313,0.454
3,bfs,124,29,20,0.6896551724137931,19,33585,0.33
3,bfs,127,29,29,1.0,24,31340,0.286
3,bfs,125,29,29,1.0,24,35454,0.45
3,bfs,126,29,29,1.0,24,35346,0.455
3,bfs,128,29,29,1.0,24,35463,0.354
3,bfs,130,29,25,0.8620689655172413,23,32285,0.322
3,bfs,129,29,25,0.8620689655172413,23,32491,0.409
3,bfs,131,29,28,0.9655172413793104,23,30624,0.375
3,bfs,133,29,23,0.7931034482758621,23,28148,0.288
3,bfs,132,29,26,0.896551724137931,23,32059,0.332
3,bfs,136,29,24,0.8275862068965517,23,33684,0.351
3,bfs,134,29,26,0.896551724137931,23,25261,0.377
3,bfs,137,29,29,1.0,24,35335,0.377
3,bfs,135,29,24,0.8275862068965517,23,27988,0.41
3,bfs,139,29,29,1.0,24,25234,0.351
3,bfs,140,29,29,1.0,24,35325,0.376
3,bfs,141,29,29,1.0,24,35463,0.405
3,bfs,138,29,29,1.0,24,35395,0.546
3,bfs,142,29,25,0.8620689655172413,23,32980,0.378
3,bfs,144,29,25,0.8620689655172413,23,33551,0.38
3,bfs,148,29,26,0.896551724137931,23,25922,0.286
3,bfs,143,29,29,1.0,24,35544,0.501
3,bfs,145,29,24,0.8275862068965517,22,33574,0.476
3,bfs,147,29,29,1.0,24,35575,0.399
3,bfs,146,29,29,1.0,24,35250,0.515
3,bfs,151,29,26,0.896551724137931,23,22520,0.24
3,bfs,149,29,29,1.0,24,35046,0.432
3,bfs,150,29,25,0.8620689655172413,22,32984,0.345
3,bfs,152,29,22,0.7586206896551724,21,33376,0.334
3,bfs,153,29,27,0.9310344827586207,23,27885,0.311
3,bfs,154,29,29,1.0,24,28319,0.327
3,bfs,155,29,25,0.8620689655172413,23,29927,0.294
3,bfs,157,29,22,0.7586206896551724,21,31294,0.315
3,bfs,156,29,25,0.8620689655172413,23,32047,0.389
3,bfs,159,29,26,0.896551724137931,23,34379,0.356
3,bfs,158,29,29,1.0,24,35417,0.44
3,bfs,160,29,29,1.0,24,35333,0.361
3,bfs,163,29,26,0.896551724137931,23,32747,0.333
3,bfs,162,29,29,1.0,24,27965,0.341
3,bfs,161,29,29,1.0,24,35649,0.43
3,bfs,164,29,29,1.0,24,31259,0.315
3,bfs,165,29,29,1.0,24,35580,0.437
3,bfs,166,29,29,1.0,24,35299,0.373
3,bfs,169,29,23,0.7931034482758621,21,29812,0.307
3,bfs,168,29,29,1.0,24,32010,0.337
3,bfs,170,29,23,0.7931034482758621,21,27783,0.357
3,bfs,167,29,29,1.0,24,35616,0.439
3,bfs,171,29,23,0.7931034482758621,21,28942,0.373
3,bfs,172,29,24,0.8275862068965517,23,33853,0.35
3,bfs,173,29,24,0.8275862068965517,21,29798,0.352
3,bfs,174,29,29,1.0,24,35293,0.36
3,bfs,175,29,27,0.9310344827586207,23,33277,0.33
3,bfs,176,29,29,1.0,24,35319,0.365
3,bfs,178,29,29,1.0,24,27672,0.355
3,bfs,177,29,29,1.0,24,32035,0.396
3,bfs,180,29,29,1.0,24,35261,0.373
3,bfs,179,29,29,1.0,24,35396,0.451
3,bfs,182,29,26,0.896551724137931,23,34183,0.346
3,bfs,181,29,29,1.0,24,31893,0.376
3,bfs,184,29,25,0.8620689655172413,23,30108,0.305
3,bfs,183,29,29,1.0,24,35501,0.36
3,bfs,186,29,20,0.6896551724137931,19,26034,0.281
3,bfs,187,29,28,0.9655172413793104,23,31074,0.308
3,bfs,185,29,29,1.0,24,35068,0.39
3,bfs,189,29,16,0.5517241379310345,14,33009,0.335
3,bfs,188,29,29,1.0,24,35090,0.412
3,bfs,191,29,29,1.0,24,31210,0.324
3,bfs,192,29,25,0.8620689655172413,23,33930,0.347
3,bfs,193,29,26,0.896551724137931,23,25119,0.341
3,bfs,190,29,29,1.0,24,35305,0.467
3,bfs,194,29,29,1.0,24,35370,0.371
3,bfs,195,29,26,0.896551724137931,23,30519,0.399
3,bfs,199,29,25,0.8620689655172413,23,29400,0.293
3,bfs,196,29,29,1.0,24,35479,0.361
3,bfs,198,29,29,1.0,24,35516,0.356
3,bfs,197,29,29,1.0,24,32107,0.377
1,ucs,2,34,34,1.0,28,57938,1.195
1,ucs,1,34,33,0.9705882352941176,27,52354,1.29
1,ucs,0,34,32,0.9411764705882353,26,54872,1.359
1,ucs,4,34,32,0.9411764705882353,40,52890,1.149
1,ucs,6,34,29,0.8529411764705882,29,53397,1.143
1,ucs,5,34,33,0.9705882352941176,28,47963,1.176
1,ucs,7,34,29,0.8529411764705882,27,52350,1.157
1,ucs,3,34,32,0.9411764705882353,26,53000,1.332
1,ucs,11,34,31,0.9117647058823529,42,48052,2.163
1,ucs,8,34,30,0.8823529411764706,38,52260,2.358
1,ucs,14,34,32,0.9411764705882353,41,48047,2.239
1,ucs,9,34,32,0.9411764705882353,27,54938,2.354
1,ucs,12,34,33,0.9705882352941176,37,56370,2.288
1,ucs,15,34,32,0.9411764705882353,26,48532,2.536
1,ucs,13,34,34,1.0,30,50308,2.682
1,ucs,10,34,33,0.9705882352941176,26,55282,2.824
1,ucs,17,34,31,0.9117647058823529,42,49360,1.052
1,ucs,19,34,31,0.9117647058823529,37,48452,1.03
1,ucs,20,34,32,0.9411764705882353,27,48558,1.016
1,ucs,16,34,29,0.8529411764705882,39,51432,1.319
1,ucs,18,34,32,0.9411764705882353,42,55623,1.365
1,ucs,21,34,33,0.9705882352941176,33,55799,1.196
1,ucs,22,34,31,0.9117647058823529,26,52015,1.273
1,ucs,23,34,30,0.8823529411764706,26,51553,1.261
1,ucs,24,34,31,0.9117647058823529,27,54171,1.122
1,ucs,25,34,34,1.0,28,53702,1.139
1,ucs,26,34,34,1.0,26,56767,1.169
1,ucs,27,34,32,0.9411764705882353,31,51068,1.244
1,ucs,28,34,33,0.9705882352941176,28,52495,1.225
1,ucs,29,34,32,0.9411764705882353,40,54231,1.139
1,ucs,30,34,32,0.9411764705882353,26,46302,1.201
1,ucs,33,34,33,0.9705882352941176,39,47732,1.039
1,ucs,34,34,32,0.9411764705882353,26,47745,1.01
1,ucs,32,34,28,0.8235294117647058,29,51130,1.08
1,ucs,31,34,33,0.9705882352941176,27,54549,1.478
1,ucs,37,34,34,1.0,28,49553,1.04
1,ucs,35,34,34,1.0,33,48506,1.326
1,ucs,36,34,28,0.8235294117647058,28,49715,1.353
1,ucs,38,34,31,0.9117647058823529,26,51386,1.316
1,ucs,40,34,32,0.9411764705882353,37,52361,1.111
1,ucs,41,34,30,0.8823529411764706,27,54675,1.138
1,ucs,39,34,33,0.9705882352941176,42,56507,1.198
1,ucs,42,34,31,0.9117647058823529,26,51200,1.206
1,ucs,43,34,32,0.9411764705882353,40,51689,1.098
1,ucs,44,34,33,0.9705882352941176,41,50808,1.194
1,ucs,45,34,32,0.9411764705882353,39,52831,1.215
1,ucs,48,34,30,0.8823529411764706,31,53112,1.091
1,ucs,46,34,32,0.9411764705882353,26,54794,1.238
1,ucs,47,34,33,0.9705882352941176,27,56607,1.159
1,ucs,49,34,32,0.9411764705882353,26,56485,1.153
1,ucs,50,34,32,0.9411764705882353,27,50225,1.14
1,ucs,51,34,33,0.9705882352941176,43,51995,1.066
1,ucs,52,34,33,0.9705882352941176,33,54323,1.199
1,ucs,53,34,31,0.9117647058823529,27,50129,1.087
1,ucs,54,34,31,0.9117647058823529,27,53963,1.088
1,ucs,56,34,32,0.9411764705882353,43,54474,1.125
1,ucs,55,34,32,0.9411764705882353,40,53231,1.197
1,ucs,57,34,33,0.9705882352941176,36,55934,1.144
1,ucs,58,34,31,0.9117647058823529,38,53126,1.19
1,ucs,59,34,32,0.9411764705882353,26,52584,1.072
1,ucs,60,34,32,0.9411764705882353,31,55031,1.224
1,ucs,61,34,31,0.9117647058823529,27,51408,1.136
1,ucs,63,34,32,0.9411764705882353,33,53267,1.099
1,ucs,62,34,33,0.9705882352941176,42,56255,1.175
1,ucs,65,34,32,0.9411764705882353,27,54718,1.122
1,ucs,64,34,33,0.9705882352941176,26,55891,1.27
1,ucs,67,34,33,0.9705882352941176,35,56143,1.171
1,ucs,66,34,33,0.9705882352941176,38,58018,1.393
1,ucs,68,34,32,0.9411764705882353,41,49700,1.31
1,ucs,69,34,32,0.9411764705882353,26,51576,1.35
1,ucs,71,34,33,0.9705882352941176,45,48432,1.042
1,ucs,70,34,32,0.9411764705882353,28,53504,1.133
1,ucs,72,34,33,0.9705882352941176,27,51812,1.105
1,ucs,74,34,30,0.8823529411764706,42,53554,1.159
1,ucs,73,34,32,0.9411764705882353,43,53693,1.431
1,ucs,75,34,33,0.9705882352941176,26,49092,1.231
1,ucs,79,34,32,0.9411764705882353,28,50964,1.062
1,ucs,78,34,33,0.9705882352941176,42,56565,1.189
1,ucs,80,34,29,0.8529411764705882,29,51440,1.078
1,ucs,76,34,33,0.9705882352941176,27,54377,1.359
1,ucs,77,34,33,0.9705882352941176,39,54460,1.398
1,ucs,81,34,29,0.8529411764705882,27,54731,1.207
1,ucs,82,34,31,0.9117647058823529,26,49407,1.385
1,ucs,83,34,32,0.9411764705882353,27,54690,1.501
1,ucs,85,34,31,0.9117647058823529,26,50037,1.1
1,ucs,84,34,32,0.9411764705882353,26,53236,1.187
1,ucs,86,34,34,1.0,32,46110,1.133
1,ucs,87,34,34,1.0,28,47542,1.208
1,ucs,88,34,33,0.9705882352941176,27,54751,1.472
1,ucs,89,34,33,0.9705882352941176,33,51911,1.15
1,ucs,92,34,33,0.9705882352941176,29,47230,1.064
1,ucs,90,34,32,0.9411764705882353,28,54015,1.381
1,ucs,93,34,34,1.0,26,49226,1.101
1,ucs,91,34,33,0.9705882352941176,35,52943,1.334
1,ucs,95,34,32,0.9411764705882353,32,49864,1.12
1,ucs,94,34,30,0.8823529411764706,26,51194,1.274
1,ucs,97,34,31,0.9117647058823529,38,53443,1.123
1,ucs,96,34,30,0.8823529411764706,43,54983,1.361
1,ucs,98,34,32,0.9411764705882353,26,54434,1.119
1,ucs,100,34,32,0.9411764705882353,37,52390,1.099
1,ucs,101,34,30,0.8823529411764706,29,49298,1.132
1,ucs,99,34,32,0.9411764705882353,26,53279,1.27
1,ucs,103,34,34,1.0,28,45131,1.069
1,ucs,102,34,33,0.9705882352941176,39,54674,1.14
1,ucs,104,34,33,0.9705882352941176,27,52513,1.096
1,ucs,107,34,31,0.9117647058823529,31,47988,1.008
1,ucs,105,34,34,1.0,28,57788,1.39
1,ucs,106,34,33,0.9705882352941176,27,54982,1.143
1,ucs,111,34,34,1.0,26,56117,1.167
1,ucs,110,34,33,0.9705882352941176,27,46649,1.207
1,ucs,108,34,32,0.9411764705882353,39,54057,1.35
1,ucs,109,34,30,0.8823529411764706,29,52595,1.313
1,ucs,112,34,31,0.9117647058823529,42,48834,1.051
1,ucs,113,34,32,0.9411764705882353,26,47408,0.994
1,ucs,114,34,34,1.0,28,46447,1.131
1,ucs,115,34,33,0.9705882352941176,28,57363,1.207
1,ucs,116,34,29,0.8529411764705882,29,52096,1.113
1,ucs,117,34,32,0.9411764705882353,27,50426,1.308
1,ucs,120,34,33,0.9705882352941176,33,52142,1.124
1,ucs,119,34,33,0.9705882352941176,33,50862,1.312
1,ucs,118,34,32,0.9411764705882353,37,55179,1.425
1,ucs,121,34,32,0.9411764705882353,27,55438,1.172
1,ucs,123,34,33,0.9705882352941176,28,55884,1.147
1,ucs,122,34,32,0.9411764705882353,42,51304,1.263
1,ucs,124,34,30,0.8823529411764706,31,52583,1.074
1,ucs,126,34,31,0.9117647058823529,41,51143,1.046
1,ucs,127,34,33,0.9705882352941176,27,51237,1.125
1,ucs,125,34,30,0.8823529411764706,27,55046,1.238
1,ucs,128,34,33,0.9705882352941176,41,55744,1.273
1,ucs,129,34,31,0.9117647058823529,27,55022,1.113
1,ucs,131,34,33,0.9705882352941176,26,50736,1.126
1,ucs,130,34,33,0.9705882352941176,41,56671,1.183
1,ucs,132,34,32,0.9411764705882353,43,53875,1.122
1,ucs,133,34,32,0.9411764705882353,26,49037,1.014
1,ucs,134,34,33,0.9705882352941176,29,49744,1.15
1,ucs,135,34,33,0.9705882352941176,33,50789,1.168
1,ucs,136,34,29,0.8529411764705882,39,51104,1.184
1,ucs,137,34,32,0.9411764705882353,40,54579,1.153
1,ucs,139,34,34,1.0,28,45084,0.925
1,ucs,140,34,32,0.9411764705882353,44,54008,1.137
1,ucs,141,34,31,0.9117647058823529,26,52655,1.08
1,ucs,138,34,32,0.9411764705882353,43,54519,1.28
1,ucs,142,34,33,0.9705882352941176,27,55305,1.293
1,ucs,143,34,33,0.9705882352941176,36,57244,1.353
1,ucs,144,34,30,0.8823529411764706,27,53748,1.239
1,ucs,145,34,32,0.9411764705882353,27,54325,1.12
1,ucs,146,34,29,0.8529411764705882,29,51303,1.053
1,ucs,148,34,33,0.9705882352941176,43,47076,0.978
1,ucs,147,34,33,0.9705882352941176,35,56206,1.159
1,ucs,149,34,30,0.8823529411764706,36,50667,1.177
1,ucs,150,34,31,0.9117647058823529,31,52810,1.237
1,ucs,151,34,34,1.0,31,45530,1.072
1,ucs,153,34,34,1.0,26,48959,1.006
1,ucs,154,34,34,1.0,26,48676,1.006
1,ucs,152,34,29,0.8529411764705882,37,49307,1.188
1,ucs,155,34,33,0.9705882352941176,35,51353,1.098
1,ucs,156,34,32,0.9411764705882353,41,53890,1.132
1,ucs,157,34,33,0.9705882352941176,27,54606,1.29
1,ucs,160,34,32,0.9411764705882353,27,55141,1.136
1,ucs,158,34,31,0.9117647058823529,39,50671,1.199
1,ucs,161,34,33,0.9705882352941176,41,55750,1.168
1,ucs,159,34,30,0.8823529411764706,27,52223,1.226
1,ucs,162,34,33,0.9705882352941176,39,46316,1.085
1,ucs,163,34,32,0.9411764705882353,31,55488,1.135
1,ucs,164,34,33,0.9705882352941176,33,50086,1.028
1,ucs,165,34,33,0.9705882352941176,44,57518,1.345
1,ucs,168,34,31,0.9117647058823529,36,48292,1.004
1,ucs,166,34,31,0.9117647058823529,27,55850,1.206
1,ucs,169,34,32,0.9411764705882353,26,49605,1.222
1,ucs,170,34,31,0.9117647058823529,37,48151,1.204
1,ucs,167,34,33,0.9705882352941176,33,55010,1.354
1,ucs,171,34,32,0.9411764705882353,42,50143,1.11
1,ucs,172,34,32,0.9411764705882353,27,55285,1.198
1,ucs,173,34,33,0.9705882352941176,31,50572,1.251
1,ucs,174,34,33,0.9705882352941176,42,54535,1.189
1,ucs,175,34,32,0.9411764705882353,37,53701,1.127
1,ucs,177,34,31,0.9117647058823529,27,50931,1.182
1,ucs,176,34,31,0.9117647058823529,42,52612,1.219
1,ucs,178,34,33,0.9705882352941176,39,49594,1.144
1,ucs,179,34,32,0.9411764705882353,43,53402,1.135
1,ucs,180,34,31,0.9117647058823529,40,52798,1.106
1,ucs,182,34,32,0.9411764705882353,27,52972,1.094
1,ucs,181,34,32,0.9411764705882353,26,52560,1.186
1,ucs,183,34,33,0.9705882352941176,33,54816,1.136
1,ucs,186,34,33,0.9705882352941176,29,47116,1.125
1,ucs,187,34,33,0.9705882352941176,26,52437,1.065
1,ucs,184,34,31,0.9117647058823529,39,52585,1.268
1,ucs,185,34,30,0.8823529411764706,36,51267,1.249
1,ucs,188,34,31,0.9117647058823529,38,50641,1.04
1,ucs,189,34,31,0.9117647058823529,29,52315,1.051
1,ucs,191,34,30,0.8823529411764706,29,48157,0.983
1,ucs,193,34,34,1.0,26,48869,0.987
1,ucs,190,34,32,0.9411764705882353,39,53450,1.286
1,ucs,192,34,29,0.8529411764705882,29,52257,1.213
1,ucs,196,34,32,0.9411764705882353,28,54820,1.105
1,ucs,195,34,33,0.9705882352941176,33,51447,1.176
1,ucs,194,34,32,0.9411764705882353,41,51886,1.194
1,ucs,197,34,32,0.9411764705882353,42,49437,1.033
1,ucs,198,34,32,0.9411764705882353,31,54199,1.118
1,ucs,199,34,33,0.9705882352941176,40,50555,1.053
2,ucs,0,44,34,0.7727272727272727,43,122501,3.932
2,ucs,5,44,39,0.8863636363636364,48,114218,3.274
2,ucs,7,44,35,0.7954545454545454,44,116976,3.103
2,ucs,2,44,44,1.0,53,158325,4.263
2,ucs,4,44,44,1.0,54,149752,4.239
2,ucs,3,44,44,1.0,53,151566,4.343
2,ucs,6,44,44,1.0,53,154130,3.774
2,ucs,1,44,44,1.0,53,155696,4.63
2,ucs,12,44,35,0.7954545454545454,44,113253,2.209
2,ucs,9,44,37,0.8409090909090909,46,131569,2.847
2,ucs,11,44,35,0.7954545454545454,44,110682,2.412
2,ucs,13,44,40,0.9090909090909091,49,120258,2.346
2,ucs,10,44,44,1.0,53,156507,3.048
2,ucs,8,44,44,1.0,53,153281,3.318
2,ucs,14,44,44,1.0,53,144800,2.821
2,ucs,15,44,44,1.0,53,140760,3.076
2,ucs,16,44,35,0.7954545454545454,44,121606,2.367
2,ucs,17,44,36,0.8181818181818182,45,113403,2.486
2,ucs,19,44,44,1.0,53,153512,2.989
2,ucs,23,44,34,0.7727272727272727,43,100814,2.288
2,ucs,20,44,44,1.0,53,153109,3.007
2,ucs,18,44,44,1.0,53,150032,3.343
2,ucs,21,44,44,1.0,53,146465,3.243
2,ucs,22,44,44,1.0,53,155563,3.029
2,ucs,24,44,34,0.7727272727272727,43,110868,2.161
2,ucs,25,44,38,0.8636363636363636,47,118792,2.591
2,ucs,30,44,35,0.7954545454545454,44,97089,2.263
2,ucs,27,44,37,0.8409090909090909,46,113138,2.716
2,ucs,26,44,44,1.0,53,157547,3.165
2,ucs,28,44,44,1.0,53,157652,3.17
2,ucs,31,44,44,1.0,53,155529,3.146
2,ucs,29,44,44,1.0,53,155807,3.651
2,ucs,32,44,44,1.0,53,152922,3.12
2,ucs,36,44,34,0.7727272727272727,43,100464,2.357
2,ucs,35,44,34,0.7727272727272727,43,98622,2.829
2,ucs,33,44,44,1.0,53,146742,4.118
2,ucs,34,44,36,0.8181818181818182,45,121223,3.459
2,ucs,37,44,44,1.0,53,140033,3.169
2,ucs,38,44,36,0.8181818181818182,45,124720,2.89
2,ucs,40,44,36,0.8181818181818182,45,122696,2.837
2,ucs,39,44,44,1.0,53,147231,3.894
2,ucs,41,44,36,0.8181818181818182,45,123509,2.457
2,ucs,45,44,35,0.7954545454545454,44,108220,2.121
2,ucs,44,44,37,0.8409090909090909,46,129034,2.854
2,ucs,42,44,44,1.0,54,150422,3.522
2,ucs,43,44,44,1.0,53,151958,3.492
2,ucs,46,44,44,1.0,53,154559,3.029
2,ucs,47,44,35,0.7954545454545454,44,115009,2.613
2,ucs,48,44,37,0.8409090909090909,46,124723,2.596
2,ucs,50,44,36,0.8181818181818182,45,117157,2.34
2,ucs,49,44,44,1.0,53,151804,3.735
2,ucs,51,44,44,1.0,53,156994,3.109
2,ucs,52,44,35,0.7954545454545454,44,122866,3.106
2,ucs,54,44,44,1.0,53,155433,3.089
2,ucs,53,44,44,1.0,53,155223,3.857
2,ucs,56,44,44,1.0,53,155294,3.062
2,ucs,55,44,44,1.0,53,155036,3.834
2,ucs,57,44,44,1.0,53,156425,3.096
2,ucs,61,44,34,0.7727272727272727,43,102255,2.021
2,ucs,59,44,44,1.0,53,149277,2.966
2,ucs,58,44,44,1.0,53,151334,3.675
2,ucs,60,44,36,0.8181818181818182,45,125017,2.981
2,ucs,63,44,35,0.7954545454545454,44,116763,2.282
2,ucs,64,44,36,0.8181818181818182,45,123396,3.084
2,ucs,65,44,38,0.8636363636363636,47,135354,2.756
2,ucs,62,44,44,1.0,53,157436,3.837
2,ucs,66,44,44,1.0,53,158548,3.218
2,ucs,67,44,44,1.0,53,154841,3.129
2,ucs,68,44,35,0.7954545454545454,44,116999,2.977
2,ucs,70,44,44,1.0,53,151491,3.073
2,ucs,69,44,44,1.0,53,144044,3.607
2,ucs,71,44,35,0.7954545454545454,44,121051,2.935
2,ucs,72,44,44,1.0,53,145969,2.906
2,ucs,73,44,34,0.7727272727272727,43,102580,2.502
2,ucs,75,44,36,0.8181818181818182,45,121275,2.43
2,ucs,76,44,34,0.7727272727272727,43,104522,2.597
2,ucs,77,44,34,0.7727272727272727,43,109912,2.179
2,ucs,74,44,44,1.0,53,155752,3.097
2,ucs,80,44,34,0.7727272727272727,43,106671,2.554
2,ucs,78,44,44,1.0,53,158613,5.058
2,ucs,83,44,34,0.7727272727272727,43,104045,3.539
2,ucs,81,44,35,0.7954545454545454,44,122306,4.726
2,ucs,85,44,44,1.0,53,148745,3.956
2,ucs,79,44,44,1.0,53,153967,5.349
2,ucs,82,44,44,1.0,53,146247,4.498
2,ucs,84,44,37,0.8409090909090909,46,129836,4.437
2,ucs,86,44,44,1.0,53,147306,3.67
2,ucs,88,44,34,0.7727272727272727,43,106774,2.112
2,ucs,87,44,44,1.0,53,131987,2.6
2,ucs,92,44,36,0.8181818181818182,45,117067,2.849
2,ucs,89,44,44,1.0,53,147872,3.591
2,ucs,90,44,44,1.0,53,158539,3.228
2,ucs,93,44,36,0.8181818181818182,45,116440,2.795
2,ucs,91,44,44,1.0,53,159651,4.041
2,ucs,94,44,44,1.0,53,157393,3.176
2,ucs,96,44,37,0.8409090909090909,46,127606,2.612
2,ucs,95,44,44,1.0,53,149522,3.071
2,ucs,99,44,35,0.7954545454545454,44,121773,2.501
2,ucs,98,44,37,0.8409090909090909,46,124708,3.354
2,ucs,103,44,40,0.9090909090909091,49,115894,2.401
2,ucs,97,44,44,1.0,53,155737,4.212
2,ucs,100,44,44,1.0,54,151816,4.122
2,ucs,102,44,44,1.0,53,158260,3.268
2,ucs,104,44,44,1.0,53,143358,2.889
2,ucs,101,44,44,1.0,53,152924,4.027
2,ucs,105,44,37,0.8409090909090909,46,129445,2.649
2,ucs,106,44,35,0.7954545454545454,44,117166,2.713
2,ucs,109,44,34,0.7727272727272727,43,108818,2.342
2,ucs,110,44,34,0.7727272727272727,43,103936,2.43
2,ucs,107,44,44,1.0,53,148353,3.528
2,ucs,108,44,44,1.0,53,156880,3.219
2,ucs,111,44,44,1.0,53,156098,3.084
2,ucs,112,44,34,0.7727272727272727,43,108867,2.929
2,ucs,113,44,44,1.0,53,136703,3.942
2,ucs,115,44,40,0.9090909090909091,49,138897,3.064
2,ucs,119,44,34,0.7727272727272727,43,109751,2.469
2,ucs,114,44,44,1.0,53,155460,4.297
2,ucs,116,44,35,0.7954545454545454,44,117035,3.874
2,ucs,118,44,44,1.0,53,156914,3.327
2,ucs,117,44,44,1.0,53,153829,4.64
2,ucs,121,44,44,1.0,53,157928,3.144
2,ucs,120,44,44,1.0,53,155364,4.458
2,ucs,122,44,44,1.0,53,152210,2.969
2,ucs,123,44,44,1.0,53,155255,3.015
2,ucs,124,44,36,0.8181818181818182,45,124178,2.79
2,ucs,126,44,44,1.0,53,153793,3.025
2,ucs,125,44,44,1.0,53,148552,3.351
2,ucs,127,44,44,1.0,53,148320,3.364
2,ucs,128,44,44,1.0,53,155709,3.05
2,ucs,130,44,36,0.8181818181818182,45,133624,2.767
2,ucs,129,44,38,0.8636363636363636,47,135378,3.019
2,ucs,131,44,38,0.8636363636363636,47,128866,2.555
2,ucs,133,44,36,0.8181818181818182,45,110886,2.165
2,ucs,132,44,37,0.8409090909090909,46,124724,2.907
2,ucs,134,44,40,0.9090909090909091,49,134730,3.15
2,ucs,135,44,34,0.7727272727272727,43,107920,2.538
2,ucs,136,44,38,0.8636363636363636,47,137094,2.696
2,ucs,139,44,44,1.0,53,137669,2.701
2,ucs,138,44,44,1.0,53,156425,3.099
2,ucs,140,44,44,1.0,53,156095,3.154
2,ucs,137,44,44,1.0,53,153690,3.708
2,ucs,141,44,44,1.0,53,151966,3.636
2,ucs,142,44,35,0.7954545454545454,44,115995,2.821
2,ucs,144,44,35,0.7954545454545454,44,112369,2.234
2,ucs,145,44,35,0.7954545454545454,44,127347,2.514
2,ucs,143,44,44,1.0,53,155570,3.656
2,ucs,146,44,44,1.0,53,151998,2.988
2,ucs,148,44,38,0.8636363636363636,47,116989,2.619
2,ucs,147,44,44,1.0,53,154579,3.022
2,ucs,150,44,34,0.7727272727272727,43,109956,2.466
2,ucs,151,44,36,0.8181818181818182,45,114375,2.232
2,ucs,152,44,34,0.7727272727272727,43,108454,2.129
2,ucs,149,44,44,1.0,53,154059,3.388
2,ucs,154,44,44,1.0,53,124308,3.438
2,ucs,155,44,34,0.7727272727272727,43,98779,3.275
2,ucs,156,44,35,0.7954545454545454,44,117741,3.177
2,ucs,153,44,35,0.7954545454545454,44,129615,4.044
2,ucs,157,44,34,0.7727272727272727,43,99357,3.495
2,ucs,159,44,34,0.7727272727272727,43,108480,3.293
2,ucs,158,44,44,1.0,53,158569,4.083
2,ucs,163,44,36,0.8181818181818182,45,128634,2.583
2,ucs,162,44,44,1.0,53,148047,2.944
2,ucs,160,44,44,1.0,53,151688,4.935
2,ucs,161,44,44,1.0,53,151197,3.253
2,ucs,164,44,44,1.0,53,148318,3.588
2,ucs,166,44,44,1.0,53,157153,3.136
2,ucs,165,44,44,1.0,53,153655,3.548
2,ucs,167,44,44,1.0,53,158896,3.055
2,ucs,169,44,34,0.7727272727272727,43,108861,2.098
2,ucs,170,44,34,0.7727272727272727,43,113775,2.664
2,ucs,168,44,44,1.0,53,157722,3.06
2,ucs,171,44,35,0.7954545454545454,44,118897,2.864
2,ucs,173,44,35,0.7954545454545454,44,116637,2.372
2,ucs,172,44,38,0.8636363636363636,47,117781,3.028
2,ucs,175,44,37,0.8409090909090909,46,131287,2.655
2,ucs,176,44,44,1.0,53,152962,3.035
2,ucs,174,44,44,1.0,53,155888,3.795
2,ucs,178,44,44,1.0,53,138533,2.73
2,ucs,177,44,44,1.0,53,155533,3.741
2,ucs,180,44,44,1.0,54,148161,2.874
2,ucs,182,44,34,0.7727272727272727,43,116050,2.259
2,ucs,179,44,44,1.0,53,155533,3.651
2,ucs,181,44,44,1.0,53,141116,3.121
2,ucs,183,44,44,1.0,53,150985,2.918
2,ucs,184,44,36,0.8181818181818182,45,132688,3.024
2,ucs,187,44,35,0.7954545454545454,44,106703,2.067
2,ucs,186,44,36,0.8181818181818182,45,102275,2.237
2,ucs,185,44,44,1.0,53,156310,3.031
2,ucs,189,44,34,0.7727272727272727,43,105843,2.394
2,ucs,188,44,44,1.0,53,155601,2.981
2,ucs,190,44,44,1.0,54,147696,3.434
2,ucs,192,44,34,0.7727272727272727,43,106349,2.321
2,ucs,191,44,44,1.0,53,143049,3.043
2,ucs,193,44,35,0.7954545454545454,44,108108,2.448
2,ucs,195,44,36,0.8181818181818182,45,116474,2.541
2,ucs,194,44,44,1.0,53,154006,3.506
2,ucs,196,44,44,1.0,53,157665,3.316
2,ucs,197,44,44,1.0,53,141262,2.951
2,ucs,199,44,34,0.7727272727272727,43,102537,2.102
3,ucs,1,29,29,1.0,24,104670,2.565
3,ucs,2,29,29,1.0,24,109541,2.428
3,ucs,0,29,28,0.9655172413793104,25,108185,2.638
2,ucs,198,44,44,1.0,53,153420,3.295
3,ucs,5,29,28,0.9655172413793104,23,91940,2.025
3,ucs,4,29,29,1.0,24,106182,2.404
3,ucs,3,29,29,1.0,24,108707,2.678
3,ucs,6,29,29,1.0,24,107184,2.363
3,ucs,8,29,29,1.0,24,106316,2.475
3,ucs,7,29,26,0.896551724137931,22,108705,2.639
3,ucs,9,29,27,0.9310344827586207,22,108433,2.622
3,ucs,10,29,29,1.0,24,109443,2.52
3,ucs,13,29,28,0.9655172413793104,23,88475,1.979
3,ucs,11,29,25,0.8620689655172413,21,104975,2.306
3,ucs,12,29,27,0.9310344827586207,22,109453,2.412
3,ucs,14,29,29,1.0,24,101847,2.445
3,ucs,15,29,29,1.0,24,97198,2.301
3,ucs,18,29,29,1.0,24,109117,2.409
3,ucs,17,29,28,0.9655172413793104,26,106608,2.571
3,ucs,16,29,25,0.8620689655172413,22,110278,2.656
3,ucs,19,29,29,1.0,24,102601,2.255
3,ucs,20,29,29,1.0,25,102200,2.249
3,ucs,21,29,29,1.0,24,109133,2.415
3,ucs,22,29,29,1.0,24,108229,2.627
3,ucs,23,29,29,1.0,26,107191,2.729
3,ucs,24,29,26,0.896551724137931,21,110709,2.507
3,ucs,25,29,29,1.0,24,94131,2.403
3,ucs,27,29,27,0.9310344827586207,23,105345,2.372
3,ucs,28,29,29,1.0,24,105716,2.39
3,ucs,26,29,29,1.0,24,109688,2.767
3,ucs,29,29,29,1.0,24,107688,2.443
3,ucs,30,29,29,1.0,26,90150,2.291
3,ucs,33,29,29,1.0,25,89022,2.137
3,ucs,34,29,29,1.0,24,90955,2.013
3,ucs,32,29,29,1.0,24,106005,2.355
3,ucs,35,29,29,1.0,27,94792,2.117
3,ucs,31,29,29,1.0,24,108539,2.627
3,ucs,37,29,29,1.0,24,93683,2.117
3,ucs,36,29,23,0.7931034482758621,20,108735,2.663
3,ucs,38,29,28,0.9655172413793104,24,108475,2.734
3,ucs,40,29,28,0.9655172413793104,24,103598,3.058
3,ucs,42,29,29,1.0,24,107940,3.291
3,ucs,41,29,27,0.9310344827586207,22,109218,3.618
3,ucs,43,29,29,1.0,24,98183,3.655
3,ucs,39,29,29,1.0,24,109683,4.239
3,ucs,44,29,28,0.9655172413793104,23,102306,3.717
3,ucs,45,29,27,0.9310344827586207,22,108039,4.284
3,ucs,47,29,29,1.0,26,97498,2.544
3,ucs,48,29,27,0.9310344827586207,22,109611,2.517
3,ucs,46,29,29,1.0,24,109816,4.369
3,ucs,49,29,29,1.0,24,110285,2.539
3,ucs,50,29,27,0.9310344827586207,22,103350,2.38
3,ucs,51,29,29,1.0,24,103827,2.804
3,ucs,52,29,28,0.9655172413793104,23,106410,2.924
3,ucs,53,29,29,1.0,24,101193,2.854
3,ucs,54,29,29,1.0,24,106131,2.468
3,ucs,55,29,29,1.0,24,106554,2.503
3,ucs,57,29,29,1.0,24,107134,2.512
3,ucs,58,29,29,1.0,24,106040,2.49
3,ucs,56,29,29,1.0,24,108769,3.101
3,ucs,59,29,29,1.0,24,107582,3.109
3,ucs,60,29,25,0.8620689655172413,21,108760,3.16
3,ucs,62,29,29,1.0,24,108389,2.498
3,ucs,63,29,27,0.9310344827586207,22,106721,2.453
3,ucs,61,29,24,0.8275862068965517,20,106101,3.02
3,ucs,65,29,26,0.896551724137931,21,107357,2.483
3,ucs,64,29,28,0.9655172413793104,24,110393,2.574
3,ucs,66,29,29,1.0,24,109258,3.195
3,ucs,69,29,29,1.0,24,106949,2.496
3,ucs,67,29,29,1.0,24,108567,3.183
3,ucs,68,29,27,0.9310344827586207,22,103137,2.814
3,ucs,70,29,29,1.0,24,106585,2.752
3,ucs,71,29,29,1.0,25,88271,2.631
3,ucs,72,29,29,1.0,24,104299,2.389
3,ucs,73,29,24,0.8275862068965517,21,109654,2.537
3,ucs,75,29,27,0.9310344827586207,22,89395,2.15
3,ucs,74,29,29,1.0,24,105612,2.978
3,ucs,77,29,23,0.7931034482758621,20,109461,2.619
3,ucs,76,29,27,0.9310344827586207,22,106131,2.969
3,ucs,80,29,22,0.7586206896551724,19,106793,2.567
3,ucs,81,29,27,0.9310344827586207,22,109180,2.614
3,ucs,78,29,29,1.0,24,106893,2.866
3,ucs,79,29,29,1.0,24,108282,2.937
3,ucs,82,29,29,1.0,24,103601,2.454
3,ucs,83,29,22,0.7586206896551724,19,106082,2.848
3,ucs,86,29,29,1.0,24,82877,2.145
3,ucs,87,29,29,1.0,24,80959,2.099
3,ucs,84,29,27,0.9310344827586207,22,107934,2.702
3,ucs,85,29,29,1.0,24,104203,2.68
3,ucs,88,29,27,0.9310344827586207,22,104976,2.754
3,ucs,89,29,29,1.0,24,103832,2.7
3,ucs,92,29,29,1.0,25,94141,2.167
3,ucs,90,29,29,1.0,24,108642,2.97
3,ucs,91,29,29,1.0,24,104915,2.804
3,ucs,93,29,28,0.9655172413793104,24,104807,2.422
3,ucs,94,29,29,1.0,24,106822,2.478
3,ucs,95,29,29,1.0,25,103060,2.898
3,ucs,97,29,29,1.0,24,107269,2.544
3,ucs,96,29,29,1.0,25,107570,3.015
3,ucs,98,29,28,0.9655172413793104,23,97688,2.27
3,ucs,101,29,29,1.0,24,104037,2.395
3,ucs,99,29,28,0.9655172413793104,23,109072,2.827
3,ucs,102,29,29,1.0,24,108840,2.524
3,ucs,100,29,29,1.0,24,107451,2.8
3,ucs,103,29,29,1.0,24,82197,2.111
3,ucs,104,29,29,1.0,24,103601,2.356
3,ucs,105,29,28,0.9655172413793104,23,109650,2.821
3,ucs,106,29,25,0.8620689655172413,21,109551,2.48
3,ucs,107,29,29,1.0,24,101961,2.347
3,ucs,109,29,25,0.8620689655172413,21,106757,2.481
3,ucs,108,29,29,1.0,24,106807,2.854
3,ucs,110,29,27,0.9310344827586207,22,95076,2.6
3,ucs,112,29,26,0.896551724137931,22,103484,2.409
3,ucs,111,29,29,1.0,24,109931,2.995
3,ucs,114,29,29,1.0,25,90037,2.127
3,ucs,113,29,29,1.0,24,102614,2.865
3,ucs,115,29,29,1.0,26,110654,2.633
3,ucs,116,29,22,0.7586206896551724,19,107930,2.586
3,ucs,119,29,25,0.8620689655172413,21,101534,2.412
3,ucs,117,29,29,1.0,25,100939,2.835
3,ucs,118,29,29,1.0,24,107675,3.065
3,ucs,120,29,29,1.0,25,103872,2.885
3,ucs,121,29,29,1.0,24,106964,2.55
3,ucs,122,29,29,1.0,25,104690,2.97
3,ucs,123,29,29,1.0,24,109514,2.625
3,ucs,124,29,22,0.7586206896551724,19,108943,2.597
3,ucs,125,29,29,1.0,24,108086,2.565
3,ucs,126,29,29,1.0,24,107543,3.617
3,ucs,127,29,29,1.0,24,103844,3.618
3,ucs,128,29,29,1.0,24,108067,3.85
3,ucs,129,29,27,0.9310344827586207,22,108514,3.884
3,ucs,131,29,29,1.0,24,97078,3.541
3,ucs,130,29,29,1.0,26,109515,3.673
3,ucs,132,29,29,1.0,25,107260,3.815
3,ucs,133,29,27,0.9310344827586207,22,103356,3.802
3,ucs,134,29,29,1.0,24,92065,2.752
3,ucs,135,29,27,0.9310344827586207,22,100875,2.54
3,ucs,136,29,28,0.9655172413793104,23,107987,2.532
3,ucs,139,29,29,1.0,26,88083,2.08
3,ucs,137,29,29,1.0,24,107274,3.023
3,ucs,138,29,29,1.0,24,107993,3.023
3,ucs,142,29,28,0.9655172413793104,23,107022,2.63
3,ucs,143,29,29,1.0,24,108918,2.646
3,ucs,140,29,29,1.0,24,106736,3.195
3,ucs,144,29,27,0.9310344827586207,24,107411,2.714
3,ucs,141,29,29,1.0,24,107343,3.571
3,ucs,145,29,27,0.9310344827586207,22,106839,2.773
3,ucs,148,29,27,0.9310344827586207,22,90230,2.415
3,ucs,146,29,29,1.0,24,106583,3.755
3,ucs,151,29,29,1.0,24,79922,2.067
3,ucs,149,29,29,1.0,24,105653,2.793
3,ucs,147,29,29,1.0,24,108289,3.8
3,ucs,153,29,27,0.9310344827586207,22,91802,2.292
3,ucs,150,29,27,0.9310344827586207,22,106804,3.514
3,ucs,152,29,25,0.8620689655172413,21,106650,3.159
3,ucs,154,29,29,1.0,25,89603,2.088
3,ucs,155,29,29,1.0,26,104270,2.693
3,ucs,156,29,29,1.0,26,108600,2.627
3,ucs,157,29,25,0.8620689655172413,22,110379,2.692
3,ucs,158,29,29,1.0,24,107806,2.766
3,ucs,159,29,28,0.9655172413793104,23,105343,2.558
3,ucs,160,29,29,1.0,24,107626,2.816
3,ucs,162,29,29,1.0,25,93988,2.313
3,ucs,161,29,29,1.0,24,109130,3.031
3,ucs,164,29,29,1.0,24,102840,2.69
3,ucs,165,29,29,1.0,24,109520,2.931
3,ucs,167,29,29,1.0,24,109435,2.993
3,ucs,163,29,28,0.9655172413793104,23,107330,4.111
3,ucs,166,29,29,1.0,24,107056,3.563
3,ucs,168,29,29,1.0,24,97427,3.923
3,ucs,169,29,27,0.9310344827586207,22,104116,3.678
3,ucs,171,29,25,0.8620689655172413,21,102652,2.717
3,ucs,170,29,23,0.7931034482758621,21,101234,3.857
3,ucs,172,29,29,1.0,25,107909,2.797
3,ucs,173,29,25,0.8620689655172413,21,102718,2.702
3,ucs,174,29,29,1.0,24,107202,2.687
3,ucs,175,29,29,1.0,26,110142,2.715
3,ucs,177,29,29,1.0,24,97770,2.592
3,ucs,176,29,29,1.0,24,107537,2.86
3,ucs,178,29,29,1.0,24,93294,2.453
3,ucs,179,29,29,1.0,24,107372,2.476
3,ucs,180,29,29,1.0,24,106708,2.502
3,ucs,182,29,27,0.9310344827586207,22,107744,2.524
3,ucs,183,29,29,1.0,24,107982,2.557
3,ucs,181,29,29,1.0,25,105757,2.959
3,ucs,187,29,29,1.0,26,103960,2.452
3,ucs,184,29,28,0.9655172413793104,23,98242,2.779
3,ucs,186,29,22,0.7586206896551724,19,91934,2.599
3,ucs,185,29,29,1.0,24,105367,2.965
3,ucs,188,29,29,1.0,24,105895,2.465
3,ucs,189,29,16,0.5517241379310345,15,103321,2.392
3,ucs,190,29,29,1.0,24,107215,2.53
3,ucs,191,29,29,1.0,24,101961,2.881
3,ucs,192,29,28,0.9655172413793104,25,107993,2.55
3,ucs,193,29,29,1.0,24,91754,2.527
3,ucs,194,29,29,1.0,24,107536,3.022
3,ucs,196,29,29,1.0,24,108334,2.679
3,ucs,195,29,29,1.0,24,97864,2.878
3,ucs,197,29,29,1.0,24,98916,2.369
1,astar,0,34,32,0.9411764705882353,26,57793,1.357
3,ucs,198,29,29,1.0,24,107818,2.573
1,astar,1,34,33,0.9705882352941176,27,54672,1.566
3,ucs,199,29,27,0.9310344827586207,22,102855,2.612
1,astar,5,34,33,0.9705882352941176,28,49240,1.129
1,astar,3,34,32,0.9411764705882353,26,55292,1.641
1,astar,2,34,34,1.0,28,59727,1.743
1,astar,4,34,32,0.9411764705882353,31,55210,1.629
1,astar,6,34,29,0.8529411764705882,29,56526,1.304
1,astar,7,34,29,0.8529411764705882,27,55710,1.287
1,astar,8,34,30,0.8823529411764706,29,54121,1.517
1,astar,9,34,32,0.9411764705882353,27,58355,1.339
1,astar,10,34,33,0.9705882352941176,26,57151,1.299
1,astar,11,34,32,0.9411764705882353,39,51381,1.491
1,astar,14,34,31,0.9117647058823529,41,49658,1.166
1,astar,13,34,34,1.0,30,52042,1.494
1,astar,12,34,33,0.9705882352941176,37,58961,1.681
1,astar,15,34,32,0.9411764705882353,26,50335,1.157
1,astar,17,34,32,0.9411764705882353,39,52944,1.346
1,astar,18,34,32,0.9411764705882353,42,57782,1.478
1,astar,16,34,28,0.8235294117647058,29,53175,1.903
1,astar,20,34,31,0.9117647058823529,26,51267,1.329
1,astar,23,34,30,0.8823529411764706,26,54435,1.482
1,astar,19,34,31,0.9117647058823529,37,50482,2.375
1,astar,21,34,32,0.9411764705882353,26,58044,2.914
1,astar,25,34,34,1.0,28,55898,2.364
1,astar,22,34,32,0.9411764705882353,26,55371,3.241
1,astar,24,34,31,0.9117647058823529,27,57062,2.666
1,astar,27,34,32,0.9411764705882353,31,53593,2.336
1,astar,26,34,34,1.0,26,59157,2.595
1,astar,28,34,33,0.9705882352941176,28,54207,2.207
1,astar,29,34,31,0.9117647058823529,27,55928,1.846
1,astar,30,34,32,0.9411764705882353,26,47776,1.24
1,astar,35,34,34,1.0,28,50265,1.171
1,astar,33,34,33,0.9705882352941176,39,48845,1.551
1,astar,32,34,28,0.8235294117647058,29,53963,1.657
1,astar,36,34,28,0.8235294117647058,31,53009,1.251
1,astar,31,34,32,0.9411764705882353,26,57253,1.753
1,astar,34,34,32,0.9411764705882353,26,49106,1.558
1,astar,37,34,34,1.0,30,50977,1.185
1,astar,38,34,31,0.9117647058823529,26,54336,1.282
1,astar,39,34,32,0.9411764705882353,27,58340,1.469
1,astar,42,34,31,0.9117647058823529,26,53328,1.348
1,astar,40,34,33,0.9705882352941176,27,56396,1.614
1,astar,45,34,32,0.9411764705882353,39,55727,1.432
1,astar,43,34,31,0.9117647058823529,27,53204,1.671
1,astar,41,34,30,0.8823529411764706,27,58259,1.772
1,astar,44,34,33,0.9705882352941176,41,53400,1.683
1,astar,46,34,33,0.9705882352941176,26,56927,1.599
1,astar,48,34,30,0.8823529411764706,29,56076,1.318
1,astar,47,34,33,0.9705882352941176,27,60080,1.385
1,astar,50,34,32,0.9411764705882353,27,52736,1.213
1,astar,49,34,33,0.9705882352941176,26,58632,1.344
1,astar,51,34,33,0.9705882352941176,43,53735,1.468
1,astar,53,34,30,0.8823529411764706,26,52459,1.442
1,astar,52,34,33,0.9705882352941176,33,57017,1.622
1,astar,54,34,31,0.9117647058823529,27,56731,1.619
1,astar,55,34,32,0.9411764705882353,27,54827,1.247
1,astar,56,34,32,0.9411764705882353,26,56027,1.27
1,astar,58,34,30,0.8823529411764706,31,54795,1.248
1,astar,57,34,33,0.9705882352941176,27,58130,1.321
1,astar,59,34,32,0.9411764705882353,26,54883,1.516
1,astar,61,34,31,0.9117647058823529,27,54178,1.463
1,astar,60,34,32,0.9411764705882353,31,57812,1.597
1,astar,62,34,32,0.9411764705882353,27,58422,1.607
1,astar,63,34,32,0.9411764705882353,33,56006,1.3
1,astar,64,34,33,0.9705882352941176,26,58756,1.334
1,astar,65,34,32,0.9411764705882353,27,58300,1.362
1,astar,66,34,33,0.9705882352941176,27,60017,1.387
1,astar,68,34,32,0.9411764705882353,41,52116,1.535
1,astar,67,34,33,0.9705882352941176,26,58151,1.663
1,astar,69,34,32,0.9411764705882353,26,53687,1.542
1,astar,71,34,33,0.9705882352941176,45,50225,1.184
1,astar,72,34,33,0.9705882352941176,27,54012,1.24
1,astar,73,34,32,0.9411764705882353,43,56401,1.313
1,astar,70,34,32,0.9411764705882353,28,55579,1.608
1,astar,74,34,30,0.8823529411764706,42,56977,1.326
1,astar,75,34,33,0.9705882352941176,26,51082,1.372
1,astar,78,34,32,0.9411764705882353,27,58632,1.345
1,astar,79,34,32,0.9411764705882353,28,53113,1.232
1,astar,76,34,33,0.9705882352941176,27,57355,1.604
1,astar,77,34,33,0.9705882352941176,39,57014,1.608
1,astar,82,34,31,0.9117647058823529,26,51336,1.172
1,astar,80,34,29,0.8529411764705882,30,54792,1.259
1,astar,81,34,29,0.8529411764705882,27,58547,1.613
1,astar,85,34,31,0.9117647058823529,26,51973,1.188
1,astar,84,34,32,0.9411764705882353,26,56021,1.284
1,astar,86,34,34,1.0,28,47160,1.27
1,astar,89,34,33,0.9705882352941176,33,53690,1.232
1,astar,87,34,34,1.0,32,48589,1.352
1,astar,83,34,32,0.9411764705882353,27,57601,1.648
1,astar,88,34,33,0.9705882352941176,27,57826,1.347
1,astar,90,34,32,0.9411764705882353,28,56029,1.696
1,astar,92,34,33,0.9705882352941176,28,49008,1.192
1,astar,91,34,33,0.9705882352941176,35,54743,1.34
1,astar,94,34,30,0.8823529411764706,26,53190,1.305
1,astar,93,34,34,1.0,26,50995,1.512
1,astar,97,34,30,0.8823529411764706,27,55118,1.344
1,astar,95,34,31,0.9117647058823529,26,51735,1.564
1,astar,96,34,30,0.8823529411764706,43,58899,1.819
1,astar,99,34,32,0.9411764705882353,26,56046,1.265
1,astar,100,34,32,0.9411764705882353,37,54654,1.358
1,astar,101,34,30,0.8823529411764706,29,51568,1.144
1,astar,98,34,32,0.9411764705882353,26,57157,1.665
1,astar,103,34,34,1.0,28,46397,1.201
1,astar,102,34,32,0.9411764705882353,26,56308,1.371
1,astar,104,34,33,0.9705882352941176,27,54692,1.516
1,astar,105,34,34,1.0,28,60042,1.44
1,astar,106,34,33,0.9705882352941176,27,58015,1.307
1,astar,107,34,31,0.9117647058823529,31,50033,1.3
1,astar,108,34,32,0.9411764705882353,39,56164,1.281
1,astar,109,34,30,0.8823529411764706,29,55918,1.488
1,astar,110,34,33,0.9705882352941176,43,49063,1.347
1,astar,111,34,34,1.0,26,58442,1.347
1,astar,112,34,32,0.9411764705882353,39,52445,1.363
1,astar,113,34,32,0.9411764705882353,26,49270,1.189
1,astar,114,34,34,1.0,28,47532,1.214
1,astar,116,34,29,0.8529411764705882,29,55605,1.489
1,astar,115,34,33,0.9705882352941176,28,59943,1.594
1,astar,117,34,31,0.9117647058823529,26,52683,1.464
1,astar,119,34,33,0.9705882352941176,33,53345,1.412
1,astar,118,34,33,0.9705882352941176,27,58930,1.627
1,astar,121,34,32,0.9411764705882353,27,59108,1.479
1,astar,122,34,32,0.9411764705882353,26,52128,1.306
1,astar,120,34,33,0.9705882352941176,26,53994,1.548
1,astar,123,34,33,0.9705882352941176,28,57791,1.322
1,astar,126,34,31,0.9117647058823529,41,53363,1.219
1,astar,124,34,30,0.8823529411764706,31,55590,1.533
1,astar,125,34,30,0.8823529411764706,27,57943,1.532
1,astar,127,34,33,0.9705882352941176,27,53327,1.417
1,astar,128,34,33,0.9705882352941176,41,58034,1.332
1,astar,129,34,31,0.9117647058823529,27,58662,1.336
1,astar,130,34,33,0.9705882352941176,41,59489,1.683
1,astar,131,34,33,0.9705882352941176,26,53055,1.2
1,astar,132,34,32,0.9411764705882353,43,56502,1.315
1,astar,133,34,32,0.9411764705882353,26,51467,1.514
1,astar,136,34,28,0.8235294117647058,29,53275,1.2
1,astar,134,34,33,0.9705882352941176,29,51167,1.535
1,astar,137,34,31,0.9117647058823529,27,56328,1.274
1,astar,135,34,33,0.9705882352941176,33,53304,1.597
1,astar,139,34,34,1.0,28,46026,1.036
1,astar,140,34,32,0.9411764705882353,33,55746,1.26
1,astar,138,34,32,0.9411764705882353,43,56741,1.689
1,astar,142,34,33,0.9705882352941176,27,58301,1.308
1,astar,141,34,31,0.9117647058823529,26,54981,1.616
1,astar,144,34,30,0.8823529411764706,27,56812,1.293
1,astar,146,34,29,0.8529411764705882,29,54284,1.236
1,astar,143,34,33,0.9705882352941176,27,59825,1.82
1,astar,145,34,32,0.9411764705882353,27,57457,1.802
1,astar,147,34,33,0.9705882352941176,35,58460,1.316
1,astar,148,34,33,0.9705882352941176,43,48428,1.578
1,astar,151,34,34,1.0,26,46872,1.058
1,astar,149,34,29,0.8529411764705882,29,52457,1.179
1,astar,152,34,29,0.8529411764705882,37,52302,1.17
1,astar,150,34,31,0.9117647058823529,31,55952,1.662
1,astar,153,34,34,1.0,26,50906,1.41
1,astar,154,34,34,1.0,26,49883,1.327
1,astar,155,34,33,0.9705882352941176,35,53698,1.167
1,astar,158,34,30,0.8823529411764706,30,51454,1.139
1,astar,157,34,33,0.9705882352941176,27,57666,1.258
1,astar,159,34,30,0.8823529411764706,27,55476,1.212
1,astar,156,34,32,0.9411764705882353,41,56756,1.411
1,astar,162,34,32,0.9411764705882353,26,47180,1.068
1,astar,160,34,32,0.9411764705882353,27,58032,1.567
1,astar,163,34,32,0.9411764705882353,33,58440,1.309
1,astar,161,34,33,0.9705882352941176,26,57088,1.622
1,astar,165,34,33,0.9705882352941176,27,59575,1.33
1,astar,164,34,33,0.9705882352941176,33,51939,1.523
1,astar,166,34,31,0.9117647058823529,27,58820,1.312
1,astar,168,34,32,0.9411764705882353,26,51101,1.145
1,astar,167,34,33,0.9705882352941176,26,57573,1.688
1,astar,170,34,31,0.9117647058823529,37,50693,1.138
1,astar,169,34,32,0.9411764705882353,26,52038,1.393
1,astar,171,34,32,0.9411764705882353,42,52687,1.372
1,astar,172,34,32,0.9411764705882353,27,58652,1.288
1,astar,174,34,33,0.9705882352941176,33,56443,1.234
1,astar,173,34,33,0.9705882352941176,31,53216,1.328
1,astar,175,34,32,0.9411764705882353,37,56707,1.244
1,astar,176,34,30,0.8823529411764706,37,54226,1.328
1,astar,177,34,30,0.8823529411764706,26,53550,1.142
1,astar,178,34,33,0.9705882352941176,26,51010,1.25
1,astar,180,34,30,0.8823529411764706,35,54469,1.189
1,astar,181,34,33,0.9705882352941176,26,54148,1.175
1,astar,179,34,32,0.9411764705882353,43,55607,1.462
1,astar,182,34,32,0.9411764705882353,27,55662,1.464
1,astar,183,34,32,0.9411764705882353,26,57342,1.263
1,astar,185,34,30,0.8823529411764706,31,53213,1.188
1,astar,184,34,31,0.9117647058823529,39,55479,1.669
1,astar,187,34,33,0.9705882352941176,26,54850,1.417
1,astar,188,34,31,0.9117647058823529,33,52564,1.487
1,astar,186,34,33,0.9705882352941176,29,48437,2.071
1,astar,191,34,30,0.8823529411764706,29,50497,1.672
1,astar,189,34,31,0.9117647058823529,29,55146,2.71
1,astar,192,34,29,0.8529411764705882,29,55682,2.581
1,astar,190,34,32,0.9411764705882353,39,55750,3.126
1,astar,194,34,32,0.9411764705882353,41,54123,2.196
1,astar,195,34,33,0.9705882352941176,33,53880,2.13
1,astar,197,34,32,0.9411764705882353,26,50762,1.597
1,astar,196,34,32,0.9411764705882353,28,56961,1.976
1,astar,193,34,34,1.0,26,50066,2.766
1,astar,198,34,32,0.9411764705882353,31,56339,1.572
1,astar,199,34,33,0.9705882352941176,41,53048,1.307
2,astar,5,44,39,0.8863636363636364,48,112642,2.657
2,astar,0,44,34,0.7727272727272727,43,121241,3.088
2,astar,3,44,44,1.0,53,149086,3.145
2,astar,7,44,35,0.7954545454545454,44,114507,2.413
2,astar,1,44,44,1.0,53,152613,3.47
2,astar,2,44,44,1.0,53,154934,3.778
2,astar,4,44,44,1.0,54,146402,3.947
2,astar,6,44,44,1.0,53,151387,4.179
2,astar,11,44,35,0.7954545454545454,44,109136,2.353
2,astar,9,44,37,0.8409090909090909,46,130586,2.793
2,astar,8,44,44,1.0,53,150357,3.213
2,astar,10,44,44,1.0,53,153273,3.327
2,astar,12,44,35,0.7954545454545454,44,111510,3.322
2,astar,13,44,40,0.9090909090909091,49,119183,4.009
2,astar,16,44,35,0.7954545454545454,44,120043,2.759
2,astar,17,44,36,0.8181818181818182,45,112341,2.569
2,astar,14,44,44,1.0,53,141349,4.655
2,astar,18,44,44,1.0,53,147371,3.314
2,astar,15,44,44,1.0,53,137320,4.428
2,astar,19,44,44,1.0,53,150758,3.39
2,astar,23,44,34,0.7727272727272727,43,98686,2.229
2,astar,22,44,44,1.0,53,153215,3.373
2,astar,20,44,44,1.0,53,150768,5.074
2,astar,25,44,38,0.8636363636363636,47,118034,2.651
2,astar,24,44,34,0.7727272727272727,43,108125,3.44
2,astar,21,44,44,1.0,53,143836,4.498
2,astar,27,44,37,0.8409090909090909,46,112297,2.468
2,astar,28,44,44,1.0,53,154644,3.199
2,astar,26,44,44,1.0,53,154346,4.605
2,astar,30,44,35,0.7954545454545454,44,93322,2.441
2,astar,34,44,36,0.8181818181818182,45,119622,2.575
2,astar,29,44,44,1.0,53,152933,3.341
2,astar,31,44,44,1.0,53,152870,3.227
2,astar,33,44,44,1.0,53,143563,3.488
2,astar,32,44,44,1.0,53,150267,3.652
2,astar,35,44,34,0.7727272727272727,43,95444,2.117
2,astar,36,44,34,0.7727272727272727,43,98575,2.327
2,astar,37,44,44,1.0,53,135960,3.256
2,astar,38,44,36,0.8181818181818182,45,123024,2.682
2,astar,40,44,36,0.8181818181818182,45,121267,2.767
2,astar,39,44,44,1.0,53,144203,3.099
2,astar,41,44,36,0.8181818181818182,45,121898,2.963
2,astar,42,44,44,1.0,54,148076,3.217
2,astar,44,44,37,0.8409090909090909,46,128423,2.797
2,astar,43,44,44,1.0,53,149103,3.509
2,astar,45,44,35,0.7954545454545454,44,104837,2.635
2,astar,48,44,37,0.8409090909090909,46,123330,2.651
2,astar,47,44,35,0.7954545454545454,44,114431,2.857
2,astar,46,44,44,1.0,53,151621,3.236
2,astar,50,44,36,0.8181818181818182,45,115539,2.477
2,astar,52,44,35,0.7954545454545454,44,121747,2.916
2,astar,51,44,44,1.0,53,154009,3.256
2,astar,49,44,44,1.0,53,148930,3.628
2,astar,53,44,44,1.0,53,152438,3.449
2,astar,54,44,44,1.0,53,152420,3.066
2,astar,56,44,44,1.0,53,152218,3.087
2,astar,55,44,44,1.0,53,152244,3.506
2,astar,57,44,44,1.0,53,153379,3.444
2,astar,59,44,44,1.0,53,146494,3.011
2,astar,60,44,36,0.8181818181818182,45,123201,3.046
2,astar,58,44,44,1.0,53,149494,3.205
2,astar,61,44,34,0.7727272727272727,43,99156,2.621
2,astar,63,44,35,0.7954545454545454,44,115408,2.416
2,astar,62,44,44,1.0,53,154367,3.2
2,astar,64,44,36,0.8181818181818182,45,121784,3.834
2,astar,68,44,35,0.7954545454545454,44,116198,3.091
2,astar,65,44,38,0.8636363636363636,47,135125,4.49
2,astar,66,44,44,1.0,53,155382,4.33
2,astar,67,44,44,1.0,53,151957,4.796
2,astar,71,44,35,0.7954545454545454,44,119368,3.464
2,astar,69,44,44,1.0,53,140921,4.774
2,astar,70,44,44,1.0,53,148118,4.622
2,astar,73,44,34,0.7727272727272727,43,99606,2.559
2,astar,72,44,44,1.0,53,142510,3.52
2,astar,76,44,34,0.7727272727272727,43,101899,2.142
2,astar,75,44,36,0.8181818181818182,45,119982,3.143
2,astar,74,44,44,1.0,53,152975,3.652
2,astar,77,44,34,0.7727272727272727,43,107204,2.731
2,astar,80,44,34,0.7727272727272727,43,105300,2.179
2,astar,78,44,44,1.0,53,155199,3.217
2,astar,81,44,35,0.7954545454545454,44,121843,2.536
2,astar,79,44,44,1.0,53,150798,3.859
2,astar,83,44,34,0.7727272727272727,43,101232,2.627
2,astar,84,44,37,0.8409090909090909,46,129839,2.663
2,astar,82,44,44,1.0,53,142836,3.625
2,astar,86,44,44,1.0,53,144174,2.957
2,astar,88,44,34,0.7727272727272727,43,105045,2.188
2,astar,87,44,44,1.0,53,126950,2.627
2,astar,85,44,44,1.0,53,144965,3.677
2,astar,89,44,44,1.0,53,144006,3.588
2,astar,93,44,36,0.8181818181818182,45,115419,2.383
2,astar,92,44,36,0.8181818181818182,45,115267,2.967
2,astar,91,44,44,1.0,53,156263,3.252
2,astar,90,44,44,1.0,53,155218,4.001
2,astar,94,44,44,1.0,53,154056,3.229
2,astar,95,44,44,1.0,53,145669,3.047
2,astar,96,44,37,0.8409090909090909,46,126337,3.611
2,astar,98,44,37,0.8409090909090909,46,123752,3.004
2,astar,99,44,35,0.7954545454545454,44,119769,3.348
2,astar,97,44,44,1.0,53,152906,4.257
2,astar,100,44,44,1.0,54,149084,3.712
2,astar,102,44,44,1.0,53,154758,3.367
2,astar,103,44,40,0.9090909090909091,49,114391,3.297
2,astar,105,44,37,0.8409090909090909,46,128428,3.117
2,astar,109,44,34,0.7727272727272727,43,106018,2.715
2,astar,101,44,44,1.0,53,150475,6.491
2,astar,107,44,44,1.0,53,144364,3.901
2,astar,104,44,44,1.0,53,140580,6.145
2,astar,106,44,35,0.7954545454545454,44,115082,4.973
2,astar,108,44,44,1.0,53,153719,4.603
2,astar,110,44,34,0.7727272727272727,43,103656,4.811
2,astar,112,44,34,0.7727272727272727,43,106165,2.917
2,astar,111,44,44,1.0,53,153115,4.019
2,astar,114,44,44,1.0,53,152380,3.736
2,astar,113,44,44,1.0,53,134412,4.601
2,astar,115,44,40,0.9090909090909091,49,138605,4.024
2,astar,116,44,35,0.7954545454545454,44,114658,3.593
2,astar,119,44,34,0.7727272727272727,43,107098,2.571
2,astar,117,44,44,1.0,53,151237,4.067
2,astar,120,44,44,1.0,53,152617,3.432
2,astar,118,44,44,1.0,53,153814,4.641
2,astar,121,44,44,1.0,53,154534,3.841
2,astar,123,44,44,1.0,53,152814,3.904
2,astar,124,44,36,0.8181818181818182,45,122353,3.828
2,astar,125,44,44,1.0,53,146391,3.801
2,astar,122,44,44,1.0,53,148984,4.619
2,astar,127,44,44,1.0,53,145288,3.464
2,astar,126,44,44,1.0,53,150988,4.54
2,astar,128,44,44,1.0,53,152744,4.035
2,astar,129,44,38,0.8636363636363636,47,134986,3.014
2,astar,130,44,36,0.8181818181818182,45,132861,3.02
2,astar,132,44,37,0.8409090909090909,46,123575,2.619
2,astar,133,44,36,0.8181818181818182,45,108949,2.953
2,astar,131,44,38,0.8636363636363636,47,128581,3.844
2,astar,134,44,40,0.9090909090909091,49,134376,3.495
2,astar,135,44,34,0.7727272727272727,43,106224,3.93
2,astar,136,44,38,0.8636363636363636,47,136536,3.71
2,astar,139,44,44,1.0,53,134006,3.538
2,astar,138,44,44,1.0,53,153557,3.955
2,astar,142,44,35,0.7954545454545454,44,113529,2.413
2,astar,137,44,44,1.0,53,151172,4.716
2,astar,140,44,44,1.0,53,153015,4.133
2,astar,141,44,44,1.0,53,149581,3.863
2,astar,144,44,35,0.7954545454545454,44,110456,2.144
2,astar,143,44,44,1.0,53,152744,3.132
2,astar,145,44,35,0.7954545454545454,44,126033,2.471
2,astar,148,44,38,0.8636363636363636,47,115401,2.333
2,astar,146,44,44,1.0,53,149510,2.881
2,astar,147,44,44,1.0,53,152043,2.921
2,astar,150,44,34,0.7727272727272727,43,107304,2.128
2,astar,151,44,36,0.8181818181818182,45,112802,2.176
2,astar,152,44,34,0.7727272727272727,43,105753,2.06
2,astar,149,44,44,1.0,53,151418,3.08
2,astar,153,44,35,0.7954545454545454,44,128497,2.485
2,astar,155,44,34,0.7727272727272727,43,95567,1.855
2,astar,157,44,34,0.7727272727272727,43,97723,2.038
2,astar,154,44,44,1.0,53,119984,2.518
2,astar,156,44,35,0.7954545454545454,44,115937,2.243
2,astar,159,44,34,0.7727272727272727,43,106770,2.224
2,astar,158,44,44,1.0,53,155465,3.043
2,astar,160,44,44,1.0,53,148387,3.063
2,astar,161,44,44,1.0,53,148010,2.833
2,astar,162,44,44,1.0,53,144167,2.815
2,astar,163,44,36,0.8181818181818182,45,127458,2.553
2,astar,165,44,44,1.0,53,150587,2.933
2,astar,164,44,44,1.0,53,144428,3.069
2,astar,166,44,44,1.0,53,154377,3.188
2,astar,167,44,44,1.0,53,155784,3.073
2,astar,169,44,34,0.7727272727272727,43,106578,2.124
2,astar,170,44,34,0.7727272727272727,43,111583,2.193
2,astar,171,44,35,0.7954545454545454,44,117625,2.528
2,astar,168,44,44,1.0,53,154321,3.325
2,astar,172,44,38,0.8636363636363636,47,116924,2.304
2,astar,173,44,35,0.7954545454545454,44,114611,2.404
2,astar,175,44,37,0.8409090909090909,46,130728,2.556
2,astar,174,44,44,1.0,53,152977,3.107
2,astar,176,44,44,1.0,53,150492,2.989
2,astar,177,44,44,1.0,53,152600,3.052
2,astar,178,44,44,1.0,53,134788,2.821
2,astar,180,44,44,1.0,54,145889,2.907
2,astar,179,44,44,1.0,53,152637,3.301
2,astar,181,44,44,1.0,53,138241,3.137
2,astar,182,44,34,0.7727272727272727,43,115076,2.451
2,astar,184,44,36,0.8181818181818182,45,132003,3.003
2,astar,187,44,35,0.7954545454545454,44,104298,2.472
2,astar,185,44,44,1.0,53,153320,3.521
2,astar,186,44,36,0.8181818181818182,45,99970,3.489
2,astar,183,44,44,1.0,53,147977,4.686
2,astar,189,44,34,0.7727272727272727,43,102465,3.492
2,astar,190,44,44,1.0,54,145910,3.402
2,astar,192,44,34,0.7727272727272727,43,104964,2.256
2,astar,188,44,44,1.0,53,152378,4.956
2,astar,191,44,44,1.0,53,140437,3.072
2,astar,193,44,35,0.7954545454545454,44,107200,2.354
2,astar,195,44,36,0.8181818181818182,45,114689,2.843
2,astar,194,44,44,1.0,53,151602,3.718
2,astar,197,44,44,1.0,53,138549,2.955
3,astar,1,29,29,1.0,24,85157,2.042
3,astar,0,29,28,0.9655172413793104,25,92704,2.218
2,astar,199,44,34,0.7727272727272727,44,100290,2.557
2,astar,196,44,44,1.0,53,154375,3.953
2,astar,198,44,44,1.0,53,151028,3.218
3,astar,5,29,27,0.9310344827586207,23,71923,1.725
3,astar,2,29,29,1.0,26,96426,2.965
3,astar,4,29,29,1.0,26,94665,2.287
3,astar,6,29,29,1.0,26,94905,2.299
3,astar,3,29,29,1.0,26,95921,3.142
3,astar,9,29,29,1.0,24,92605,2.262
3,astar,7,29,25,0.8620689655172413,21,94498,3.228
3,astar,8,29,29,1.0,26,94568,3.286
3,astar,10,29,29,1.0,26,96391,2.503
3,astar,13,29,28,0.9655172413793104,25,69154,1.872
3,astar,12,29,26,0.896551724137931,22,92974,2.565
3,astar,15,29,29,1.0,25,84368,4.231
3,astar,11,29,26,0.896551724137931,21,83843,5.415
3,astar,17,29,29,1.0,25,83484,3.912
3,astar,19,29,29,1.0,24,84415,3.734
3,astar,14,29,29,1.0,24,84195,5.791
3,astar,16,29,26,0.896551724137931,22,92930,5.343
3,astar,18,29,29,1.0,26,96090,4.871
3,astar,21,29,29,1.0,26,96295,2.526
3,astar,20,29,29,1.0,24,85375,5.113
3,astar,23,29,29,1.0,24,91718,2.495
3,astar,25,29,29,1.0,24,73959,1.995
3,astar,24,29,25,0.8620689655172413,21,93634,2.543
3,astar,22,29,29,1.0,26,95879,3.572
3,astar,27,29,27,0.9310344827586207,22,83327,2.466
3,astar,26,29,29,1.0,26,96307,2.835
3,astar,28,29,29,1.0,24,85769,2.19
3,astar,30,29,29,1.0,26,70803,1.731
3,astar,29,29,29,1.0,26,95427,2.738
3,astar,31,29,29,1.0,26,95977,2.282
3,astar,33,29,29,1.0,25,73848,1.884
3,astar,32,29,29,1.0,28,94558,2.227
3,astar,34,29,28,0.9655172413793104,23,70947,1.834
3,astar,35,29,29,1.0,25,74725,1.931
3,astar,37,29,29,1.0,24,73629,1.74
3,astar,36,29,24,0.8275862068965517,20,95151,2.258
3,astar,39,29,29,1.0,26,96220,2.385
3,astar,41,29,28,0.9655172413793104,23,92772,2.343
3,astar,40,29,29,1.0,25,83032,2.787
3,astar,38,29,29,1.0,24,92146,3.041
3,astar,44,29,29,1.0,25,81877,2.309
3,astar,45,29,27,0.9310344827586207,22,92396,2.404
3,astar,42,29,29,1.0,26,95284,3.093
3,astar,43,29,29,1.0,25,86522,3.047
3,astar,47,29,28,0.9655172413793104,25,81804,2.058
3,astar,46,29,29,1.0,26,96656,2.576
3,astar,48,29,27,0.9310344827586207,22,93501,2.774
3,astar,51,29,29,1.0,24,85042,2.006
3,astar,50,29,27,0.9310344827586207,22,83315,2.452
3,astar,49,29,29,1.0,26,96722,2.856
3,astar,52,29,28,0.9655172413793104,23,91586,2.154
3,astar,53,29,29,1.0,24,85093,1.999
3,astar,54,29,29,1.0,26,94370,2.209
3,astar,57,29,29,1.0,26,95185,2.423
3,astar,60,29,25,0.8620689655172413,21,92778,2.4
3,astar,61,29,23,0.7931034482758621,21,93867,2.43
3,astar,55,29,29,1.0,26,94676,3.8
3,astar,62,29,29,1.0,26,95812,2.51
3,astar,56,29,29,1.0,26,95999,3.829
3,astar,58,29,29,1.0,26,94486,3.781
3,astar,59,29,29,1.0,26,95313,3.846
3,astar,63,29,26,0.896551724137931,22,91810,2.236
3,astar,64,29,27,0.9310344827586207,22,93920,2.281
3,astar,65,29,25,0.8620689655172413,21,91883,2.253
3,astar,67,29,29,1.0,26,96126,2.311
3,astar,66,29,29,1.0,26,95983,2.867
3,astar,68,29,27,0.9310344827586207,23,83020,2.437
3,astar,71,29,29,1.0,25,71190,1.712
3,astar,69,29,29,1.0,26,94663,2.789
3,astar,70,29,29,1.0,26,94903,2.851
3,astar,72,29,29,1.0,24,84950,2.028
3,astar,73,29,25,0.8620689655172413,21,93265,2.217
3,astar,75,29,27,0.9310344827586207,23,69854,1.921
3,astar,74,29,29,1.0,26,94317,2.365
3,astar,76,29,27,0.9310344827586207,23,91506,2.628
3,astar,77,29,23,0.7931034482758621,20,92769,2.314
3,astar,80,29,21,0.7241379310344828,19,92215,2.307
3,astar,78,29,29,1.0,25,94773,2.73
3,astar,79,29,29,1.0,26,95738,2.738
3,astar,81,29,25,0.8620689655172413,22,94403,2.377
3,astar,82,29,29,1.0,24,84838,2.457
3,astar,83,29,21,0.7241379310344828,19,92375,2.207
3,astar,85,29,29,1.0,24,85243,2.002
3,astar,86,29,29,1.0,24,63954,1.519
3,astar,87,29,29,1.0,24,62512,1.727
3,astar,84,29,27,0.9310344827586207,23,91845,2.523
3,astar,89,29,29,1.0,24,84906,2.033
3,astar,88,29,27,0.9310344827586207,22,91227,2.699
3,astar,91,29,29,1.0,24,85360,2.049
3,astar,92,29,29,1.0,25,74435,1.791
3,astar,93,29,27,0.9310344827586207,22,83491,2.025
3,astar,90,29,29,1.0,26,95657,2.841
3,astar,96,29,29,1.0,26,92094,2.242
3,astar,95,29,29,1.0,24,85719,2.576
3,astar,94,29,29,1.0,26,94620,2.829
3,astar,98,29,28,0.9655172413793104,23,82234,2.0
3,astar,99,29,28,0.9655172413793104,23,92599,2.216
3,astar,97,29,29,1.0,26,95096,2.7
3,astar,100,29,29,1.0,26,95176,2.289
3,astar,101,29,29,1.0,24,84952,2.365
3,astar,103,29,29,1.0,24,62050,1.726
3,astar,102,29,29,1.0,26,95961,2.282
3,astar,104,29,29,1.0,24,84781,2.396
3,astar,105,29,29,1.0,25,93395,2.236
3,astar,106,29,25,0.8620689655172413,21,93635,2.552
3,astar,108,29,29,1.0,26,94608,3.118
3,astar,107,29,29,1.0,24,84230,3.697
3,astar,109,29,25,0.8620689655172413,21,91970,3.587
3,astar,110,29,25,0.8620689655172413,22,76460,3.477
3,astar,114,29,29,1.0,25,70777,2.23
3,astar,111,29,29,1.0,26,96351,3.644
3,astar,112,29,26,0.896551724137931,22,83450,3.452
3,astar,113,29,29,1.0,24,84345,3.458
3,astar,115,29,29,1.0,26,94073,2.392
3,astar,117,29,29,1.0,24,84805,2.088
3,astar,116,29,23,0.7931034482758621,20,92050,2.649
3,astar,119,29,26,0.896551724137931,21,83045,2.041
3,astar,118,29,29,1.0,26,95444,2.73
3,astar,121,29,29,1.0,26,94822,2.34
3,astar,120,29,29,1.0,24,86243,2.509
3,astar,122,29,29,1.0,24,86339,2.472
3,astar,123,29,29,1.0,26,96446,2.333
3,astar,124,29,21,0.7241379310344828,19,94716,2.279
3,astar,126,29,29,1.0,26,95012,2.268
3,astar,125,29,29,1.0,26,95558,2.719
3,astar,127,29,29,1.0,24,84817,2.372
3,astar,128,29,29,1.0,26,95716,2.254
3,astar,129,29,29,1.0,24,92285,2.532
3,astar,131,29,29,1.0,25,84217,1.97
3,astar,130,29,29,1.0,26,93871,2.562
3,astar,132,29,29,1.0,25,92717,2.207
3,astar,133,29,28,0.9655172413793104,23,83341,1.979
3,astar,134,29,29,1.0,24,71725,2.123
3,astar,135,29,27,0.9310344827586207,22,81701,2.394
3,astar,136,29,28,0.9655172413793104,23,92921,2.26
3,astar,139,29,29,1.0,27,65325,1.981
3,astar,138,29,29,1.0,26,95570,2.322
3,astar,137,29,29,1.0,26,95165,2.785
3,astar,140,29,29,1.0,26,94868,2.33
3,astar,141,29,29,1.0,26,95499,2.297
3,astar,142,29,28,0.9655172413793104,23,91843,2.561
3,astar,144,29,28,0.9655172413793104,23,91876,2.216
3,astar,143,29,29,1.0,26,96110,2.403
3,astar,146,29,29,1.0,26,94619,2.265
3,astar,145,29,26,0.896551724137931,22,91973,2.515
3,astar,148,29,28,0.9655172413793104,23,70722,1.986
3,astar,147,29,29,1.0,26,95711,2.646
3,astar,151,29,29,1.0,26,61908,1.475
3,astar,149,29,29,1.0,28,94240,2.263
3,astar,152,29,24,0.8275862068965517,21,92584,2.193
3,astar,153,29,28,0.9655172413793104,25,69902,1.663
3,astar,150,29,26,0.896551724137931,22,92281,2.632
3,astar,154,29,29,1.0,25,74052,2.081
3,astar,155,29,29,1.0,25,82828,2.322
3,astar,157,29,27,0.9310344827586207,22,92583,2.26
3,astar,158,29,29,1.0,26,95518,2.312
3,astar,156,29,29,1.0,26,93011,2.584
3,astar,159,29,28,0.9655172413793104,23,91272,2.215
3,astar,160,29,29,1.0,26,95199,2.309
3,astar,162,29,29,1.0,25,75928,2.049
3,astar,161,29,29,1.0,26,96090,2.607
3,astar,164,29,29,1.0,24,84601,2.001
3,astar,163,29,28,0.9655172413793104,24,92337,2.51
3,astar,165,29,29,1.0,26,96354,2.251
3,astar,166,29,29,1.0,26,94927,2.54
3,astar,168,29,29,1.0,25,84402,1.984
3,astar,167,29,29,1.0,26,96410,2.249
3,astar,169,29,27,0.9310344827586207,22,84034,2.411
3,astar,170,29,23,0.7931034482758621,21,84359,2.386
3,astar,171,29,26,0.896551724137931,21,83519,1.978
3,astar,173,29,26,0.896551724137931,21,83665,2.001
3,astar,172,29,29,1.0,25,91733,2.626
3,astar,175,29,29,1.0,24,93253,2.222
3,astar,176,29,29,1.0,26,95253,2.255
3,astar,174,29,29,1.0,26,95174,2.722
3,astar,178,29,29,1.0,24,73270,1.928
3,astar,177,29,29,1.0,25,84481,2.229
3,astar,179,29,29,1.0,26,95317,2.342
3,astar,180,29,29,1.0,26,94985,2.267
3,astar,181,29,29,1.0,24,86720,2.464
3,astar,183,29,29,1.0,26,95827,2.328
3,astar,182,29,28,0.9655172413793104,23,92409,2.541
3,astar,184,29,28,0.9655172413793104,23,82424,2.176
3,astar,186,29,22,0.7586206896551724,19,72848,2.124
3,astar,187,29,29,1.0,24,83269,1.937
3,astar,185,29,29,1.0,26,94090,2.751
3,astar,188,29,29,1.0,26,94373,2.211
3,astar,190,29,29,1.0,28,95331,2.303
3,astar,192,29,28,0.9655172413793104,25,92422,2.249
3,astar,189,29,13,0.4482758620689655,14,94744,2.731
3,astar,193,29,29,1.0,24,71526,2.117
3,astar,191,29,29,1.0,24,84140,2.449
1,greedy,0,34,19,0.5588235294117647,27,5771,0.132
1,greedy,1,34,21,0.6176470588235294,45,6016,0.155
1,greedy,3,34,18,0.5294117647058824,42,6238,0.131
1,greedy,2,34,24,0.7058823529411765,49,8346,0.174
1,greedy,5,34,20,0.5882352941176471,28,4951,0.086
3,astar,194,29,29,1.0,26,94902,2.359
1,greedy,4,34,19,0.5588235294117647,43,7083,0.367
1,greedy,7,34,17,0.5,42,6020,0.219
1,greedy,9,34,19,0.5588235294117647,44,6785,0.113
1,greedy,6,34,19,0.5588235294117647,43,7832,0.481
1,greedy,8,34,20,0.5882352941176471,45,8470,0.285
1,greedy,10,34,23,0.6764705882352942,48,8098,0.136
1,greedy,11,34,17,0.5,42,5394,0.292
3,astar,195,29,29,1.0,26,82415,2.85
3,astar,196,29,29,1.0,26,95854,2.404
1,greedy,13,34,22,0.6470588235294118,47,6573,0.254
1,greedy,16,34,17,0.5,42,7745,0.113
1,greedy,12,34,21,0.6176470588235294,46,6802,0.361
1,greedy,14,34,17,0.5,25,4813,0.16
1,greedy,15,34,19,0.5588235294117647,44,5772,0.18
1,greedy,17,34,18,0.5294117647058824,43,6599,0.118
1,greedy,18,34,22,0.6470588235294118,46,8155,0.139
1,greedy,19,34,17,0.5,41,6540,0.146
1,greedy,20,34,19,0.5588235294117647,42,5651,0.133
1,greedy,22,34,18,0.5294117647058824,26,5692,0.094
1,greedy,21,34,19,0.5588235294117647,44,6602,0.124
1,greedy,23,34,18,0.5294117647058824,43,6343,0.121
1,greedy,25,34,23,0.6764705882352942,31,5918,0.114
1,greedy,26,34,21,0.6176470588235294,46,7809,0.143
1,greedy,24,34,19,0.5588235294117647,44,7512,0.154
1,greedy,27,34,22,0.6470588235294118,47,8474,0.144
1,greedy,28,34,20,0.5882352941176471,44,6430,0.12
1,greedy,30,34,22,0.6470588235294118,47,5820,0.125
1,greedy,29,34,21,0.6176470588235294,45,7871,0.169
1,greedy,32,34,18,0.5294117647058824,42,7201,0.133
1,greedy,31,34,20,0.5882352941176471,44,6710,0.146
1,greedy,33,34,22,0.6470588235294118,47,6178,0.131
1,greedy,35,34,21,0.6176470588235294,46,5686,0.131
1,greedy,34,34,22,0.6470588235294118,47,6075,0.147
1,greedy,37,34,21,0.6176470588235294,46,6028,0.138
1,greedy,36,34,15,0.4411764705882353,40,5974,0.15
1,greedy,38,34,18,0.5294117647058824,43,5926,0.14
1,greedy,40,34,20,0.5882352941176471,28,5558,0.098
1,greedy,42,34,18,0.5294117647058824,43,6308,0.121
1,greedy,39,34,19,0.5588235294117647,43,7284,0.149
1,greedy,41,34,18,0.5294117647058824,43,6472,0.134
1,greedy,44,34,17,0.5,25,5139,0.084
1,greedy,43,34,18,0.5294117647058824,42,7383,0.129
1,greedy,45,34,18,0.5294117647058824,43,6471,0.135
3,astar,199,29,27,0.9310344827586207,22,82294,2.269
1,greedy,47,34,22,0.6470588235294118,30,6167,0.152
1,greedy,48,34,17,0.5,42,6278,0.142
1,greedy,46,34,19,0.5588235294117647,43,6729,0.186
1,greedy,49,34,22,0.6470588235294118,47,7182,0.151
1,greedy,50,34,18,0.5294117647058824,43,5787,0.126
3,astar,197,29,29,1.0,25,85023,2.502
1,greedy,51,34,21,0.6176470588235294,46,7249,0.149
1,greedy,55,34,20,0.5882352941176471,44,6174,0.128
1,greedy,53,34,19,0.5588235294117647,43,7677,0.148
1,greedy,52,34,19,0.5588235294117647,44,5903,0.191
1,greedy,54,34,19,0.5588235294117647,43,6748,0.183
1,greedy,56,34,21,0.6176470588235294,45,7596,0.15
1,greedy,58,34,18,0.5294117647058824,42,6916,0.136
1,greedy,59,34,18,0.5294117647058824,43,6418,0.13
1,greedy,60,34,18,0.5294117647058824,43,7058,0.135
1,greedy,57,34,22,0.6470588235294118,47,6827,0.193
1,greedy,63,34,18,0.5294117647058824,26,5438,0.098
1,greedy,61,34,18,0.5294117647058824,43,6059,0.166
1,greedy,62,34,19,0.5588235294117647,43,6958,0.166
1,greedy,65,34,18,0.5294117647058824,26,5562,0.095
1,greedy,64,34,18,0.5294117647058824,43,6298,0.127
1,greedy,66,34,23,0.6764705882352942,47,7431,0.141
1,greedy,68,34,19,0.5588235294117647,44,5788,0.117
1,greedy,67,34,22,0.6470588235294118,46,7812,0.161
1,greedy,71,34,21,0.6176470588235294,46,6248,0.129
1,greedy,69,34,19,0.5588235294117647,43,6837,0.16
1,greedy,70,34,20,0.5882352941176471,44,7033,0.16
1,greedy,72,34,21,0.6176470588235294,45,7207,0.15
1,greedy,73,34,21,0.6176470588235294,45,6478,0.145
1,greedy,75,34,19,0.5588235294117647,44,5393,0.145
1,greedy,74,34,17,0.5,42,7998,0.175
3,astar,198,29,29,1.0,26,95261,3.015
1,greedy,76,34,21,0.6176470588235294,46,6637,0.153
1,greedy,77,34,21,0.6176470588235294,46,6163,0.177
1,greedy,80,34,16,0.47058823529411764,41,5495,0.135
1,greedy,78,34,21,0.6176470588235294,45,8277,0.187
1,greedy,79,34,24,0.7058823529411765,48,9397,0.199
1,greedy,82,34,20,0.5882352941176471,44,5621,0.132
1,greedy,83,34,18,0.5294117647058824,26,5572,0.122
1,greedy,81,34,17,0.5,42,6672,0.162
1,greedy,84,34,18,0.5294117647058824,43,6312,0.135
1,greedy,86,34,24,0.7058823529411765,48,6527,0.134
1,greedy,87,34,23,0.6764705882352942,47,5505,0.152
1,greedy,88,34,20,0.5882352941176471,45,6533,0.137
1,greedy,85,34,20,0.5882352941176471,44,7418,0.188
1,greedy,89,34,23,0.6764705882352942,47,8041,0.161
1,greedy,92,34,21,0.6176470588235294,46,6269,0.134
1,greedy,93,34,18,0.5294117647058824,26,4710,0.09
1,greedy,90,34,20,0.5882352941176471,44,6932,0.205
1,greedy,91,34,21,0.6176470588235294,45,7888,0.202
1,greedy,95,34,18,0.5294117647058824,42,6178,0.139
1,greedy,99,34,20,0.5882352941176471,28,5490,0.099
1,greedy,94,34,18,0.5294117647058824,42,7056,0.178
1,greedy,96,34,17,0.5,42,7146,0.182
1,greedy,98,34,19,0.5588235294117647,44,6292,0.134
1,greedy,97,34,18,0.5294117647058824,42,6787,0.142
1,greedy,100,34,19,0.5588235294117647,43,7690,0.16
1,greedy,101,34,19,0.5588235294117647,43,7063,0.156
1,greedy,102,34,18,0.5294117647058824,42,7649,0.14
1,greedy,103,34,22,0.6470588235294118,47,5517,0.115
1,greedy,106,34,19,0.5588235294117647,27,5807,0.095
1,greedy,107,34,17,0.5,41,6147,0.117
1,greedy,105,34,23,0.6764705882352942,48,6817,0.15
1,greedy,104,34,23,0.6764705882352942,47,7731,0.168
1,greedy,110,34,18,0.5294117647058824,26,4684,0.079
1,greedy,112,34,18,0.5294117647058824,43,6526,0.126
1,greedy,109,34,18,0.5294117647058824,44,6910,0.157
1,greedy,111,34,21,0.6176470588235294,45,7439,0.142
1,greedy,108,34,21,0.6176470588235294,45,8831,0.172
1,greedy,113,34,19,0.5588235294117647,43,6386,0.127
1,greedy,116,34,17,0.5,42,5937,0.124
1,greedy,114,34,24,0.7058823529411765,49,6211,0.157
1,greedy,115,34,22,0.6470588235294118,47,7313,0.164
1,greedy,117,34,19,0.5588235294117647,43,6523,0.131
1,greedy,119,34,20,0.5882352941176471,45,6071,0.125
1,greedy,118,34,21,0.6176470588235294,29,6320,0.131
1,greedy,121,34,20,0.5882352941176471,44,7234,0.137
1,greedy,120,34,22,0.6470588235294118,46,7684,0.171
1,greedy,124,34,17,0.5,25,5154,0.102
1,greedy,122,34,21,0.6176470588235294,46,6524,0.129
1,greedy,123,34,20,0.5882352941176471,44,7161,0.16
1,greedy,126,34,17,0.5,42,6131,0.122
1,greedy,125,34,20,0.5882352941176471,45,8236,0.149
1,greedy,127,34,22,0.6470588235294118,46,7363,0.156
1,greedy,128,34,21,0.6176470588235294,46,7744,0.156
1,greedy,131,34,19,0.5588235294117647,44,6026,0.124
1,greedy,132,34,18,0.5294117647058824,26,5477,0.11
1,greedy,129,34,19,0.5588235294117647,44,6646,0.151
1,greedy,130,34,19,0.5588235294117647,44,6864,0.155
1,greedy,133,34,20,0.5882352941176471,46,6063,0.142
1,greedy,134,34,24,0.7058823529411765,49,6328,0.146
1,greedy,135,34,18,0.5294117647058824,43,5743,0.136
1,greedy,136,34,15,0.4411764705882353,40,5932,0.122
1,greedy,140,34,21,0.6176470588235294,29,6227,0.117
1,greedy,137,34,20,0.5882352941176471,45,8051,0.16
1,greedy,139,34,21,0.6176470588235294,45,5153,0.137
1,greedy,138,34,20,0.5882352941176471,45,7163,0.161
1,greedy,141,34,18,0.5294117647058824,42,6884,0.131
1,greedy,142,34,22,0.6470588235294118,48,6953,0.173
1,greedy,144,34,20,0.5882352941176471,45,7597,0.21
1,greedy,146,34,17,0.5,42,6383,0.204
1,greedy,145,34,17,0.5,25,5503,0.29
1,greedy,149,34,17,0.5,41,6432,0.262
1,greedy,150,34,18,0.5294117647058824,43,6066,0.237
1,greedy,155,34,19,0.5588235294117647,44,5789,0.111
1,greedy,143,34,22,0.6470588235294118,47,7104,0.525
1,greedy,148,34,20,0.5882352941176471,46,5769,0.641
1,greedy,151,34,21,0.6176470588235294,46,6312,0.474
1,greedy,158,34,16,0.47058823529411764,41,5977,0.104
1,greedy,152,34,15,0.4411764705882353,40,5836,0.676
1,greedy,147,34,21,0.6176470588235294,46,6984,0.883
1,greedy,156,34,17,0.5,42,6575,0.569
1,greedy,153,34,18,0.5294117647058824,26,4718,0.8
1,greedy,157,34,19,0.5588235294117647,27,5517,0.606
1,greedy,154,34,21,0.6176470588235294,45,6775,0.989
1,greedy,160,34,20,0.5882352941176471,44,6243,0.547
1,greedy,161,34,20,0.5882352941176471,44,7181,0.438
1,greedy,163,34,18,0.5294117647058824,43,6852,0.307
1,greedy,159,34,18,0.5294117647058824,43,5837,0.69
1,greedy,162,34,18,0.5294117647058824,43,5688,0.539
1,greedy,169,34,21,0.6176470588235294,29,5416,0.347
1,greedy,164,34,19,0.5588235294117647,44,6317,0.62
1,greedy,166,34,19,0.5588235294117647,43,7273,0.403
1,greedy,168,34,19,0.5588235294117647,43,5761,0.397
1,greedy,165,34,20,0.5882352941176471,45,6758,0.576
1,greedy,170,34,17,0.5,42,5669,0.393
1,greedy,171,34,18,0.5294117647058824,43,5928,0.389
1,greedy,167,34,22,0.6470588235294118,44,6609,0.497
1,greedy,172,34,18,0.5294117647058824,43,6001,0.141
1,greedy,175,34,17,0.5,42,6249,0.127
1,greedy,174,34,20,0.5882352941176471,44,7085,0.141
1,greedy,173,34,19,0.5588235294117647,44,5694,0.223
1,greedy,180,34,18,0.5294117647058824,42,7864,0.136
1,greedy,181,34,19,0.5588235294117647,43,6320,0.121
1,greedy,182,34,18,0.5294117647058824,43,5722,0.12
1,greedy,176,34,20,0.5882352941176471,44,7823,0.253
1,greedy,177,34,18,0.5294117647058824,42,6571,0.223
1,greedy,178,34,22,0.6470588235294118,47,6321,0.176
1,greedy,179,34,20,0.5882352941176471,45,6998,0.185
1,greedy,184,34,16,0.47058823529411764,24,5351,0.088
1,greedy,183,34,19,0.5588235294117647,44,6475,0.134
1,greedy,185,34,20,0.5882352941176471,45,8568,0.155
1,greedy,189,34,18,0.5294117647058824,43,6437,0.132
1,greedy,187,34,20,0.5882352941176471,45,6030,0.152
1,greedy,186,34,23,0.6764705882352942,48,6099,0.165
1,greedy,188,34,18,0.5294117647058824,43,6446,0.159
1,greedy,190,34,20,0.5882352941176471,45,7587,0.166
1,greedy,191,34,19,0.5588235294117647,43,7073,0.132
1,greedy,192,34,17,0.5,42,6348,0.126
1,greedy,193,34,21,0.6176470588235294,46,5890,0.122
1,greedy,194,34,17,0.5,41,7118,0.131
1,greedy,197,34,18,0.5294117647058824,42,5568,0.128
1,greedy,195,34,19,0.5588235294117647,44,6204,0.148
1,greedy,196,34,23,0.6764705882352942,47,7823,0.162
1,greedy,199,34,17,0.5,42,6010,0.122
1,greedy,198,34,20,0.5882352941176471,45,7937,0.182
2,greedy,0,44,34,0.7727272727272727,47,17696,0.219
2,greedy,1,44,44,1.0,65,19670,0.252
2,greedy,5,44,34,0.7727272727272727,47,14755,0.208
2,greedy,2,44,43,0.9772727272727273,65,19968,0.252
2,greedy,3,44,44,1.0,65,20005,0.294
2,greedy,6,44,44,1.0,65,19979,0.254
2,greedy,4,44,43,0.9772727272727273,65,19041,0.291
2,greedy,7,44,34,0.7727272727272727,47,15402,0.221
2,greedy,8,44,44,1.0,65,19921,0.258
2,greedy,11,44,34,0.7727272727272727,47,14353,0.175
2,greedy,9,44,34,0.7727272727272727,47,16873,0.206
2,greedy,13,44,34,0.7727272727272727,47,14899,0.181
2,greedy,12,44,34,0.7727272727272727,47,15254,0.212
2,greedy,10,44,43,0.9772727272727273,65,19914,0.296
2,greedy,14,44,43,0.9772727272727273,65,18213,0.302
2,greedy,15,44,44,1.0,65,18186,0.306
2,greedy,17,44,34,0.7727272727272727,47,14320,0.2
2,greedy,16,44,34,0.7727272727272727,47,16106,0.229
2,greedy,18,44,44,1.0,65,19170,0.281
2,greedy,19,44,44,1.0,65,19987,0.3
2,greedy,24,44,34,0.7727272727272727,47,14662,0.197
2,greedy,25,44,34,0.7727272727272727,47,14817,0.199
2,greedy,23,44,34,0.7727272727272727,47,13539,0.219
2,greedy,21,44,44,1.0,65,18591,0.318
2,greedy,20,44,42,0.9545454545454546,61,20067,0.357
2,greedy,22,44,43,0.9772727272727273,65,20096,0.329
2,greedy,27,44,34,0.7727272727272727,47,13710,0.167
2,greedy,26,44,44,1.0,65,20437,0.265
2,greedy,30,44,34,0.7727272727272727,47,11931,0.162
2,greedy,28,44,43,0.9772727272727273,65,20122,0.257
2,greedy,29,44,44,1.0,65,20184,0.262
2,greedy,34,44,34,0.7727272727272727,47,15827,0.193
2,greedy,35,44,34,0.7727272727272727,47,12860,0.161
2,greedy,31,44,43,0.9772727272727273,65,20014,0.297
2,greedy,32,44,44,1.0,65,19960,0.31
2,greedy,36,44,34,0.7727272727272727,47,13601,0.206
2,greedy,33,44,42,0.9545454545454546,65,18820,0.301
2,greedy,38,44,34,0.7727272727272727,47,16108,0.191
2,greedy,37,44,43,0.9772727272727273,65,17685,0.225
2,greedy,40,44,34,0.7727272727272727,47,16076,0.193
2,greedy,41,44,34,0.7727272727272727,47,16022,0.217
2,greedy,39,44,42,0.9545454545454546,65,18196,0.234
2,greedy,45,44,34,0.7727272727272727,47,13957,0.174
2,greedy,42,44,43,0.9772727272727273,65,19191,0.298
2,greedy,44,44,34,0.7727272727272727,47,16822,0.245
2,greedy,43,44,43,0.9772727272727273,65,19281,0.294
2,greedy,47,44,34,0.7727272727272727,47,15322,0.191
2,greedy,46,44,42,0.9545454545454546,65,19609,0.27
2,greedy,48,44,34,0.7727272727272727,47,15836,0.231
2,greedy,49,44,43,0.9772727272727273,65,19108,0.258
2,greedy,50,44,34,0.7727272727272727,47,15197,0.191
2,greedy,52,44,34,0.7727272727272727,47,16755,0.254
2,greedy,51,44,43,0.9772727272727273,65,20055,0.322
2,greedy,54,44,44,1.0,65,20061,0.269
2,greedy,53,44,43,0.9772727272727273,65,19986,0.32
2,greedy,55,44,42,0.9545454545454546,65,19956,0.258
2,greedy,57,44,44,1.0,65,20081,0.262
2,greedy,58,44,40,0.9090909090909091,57,20295,0.26
2,greedy,56,44,44,1.0,65,20036,0.337
2,greedy,61,44,34,0.7727272727272727,47,13694,0.17
2,greedy,63,44,34,0.7727272727272727,47,15310,0.183
2,greedy,59,44,44,1.0,65,19104,0.291
2,greedy,60,44,34,0.7727272727272727,47,16126,0.235
2,greedy,64,44,34,0.7727272727272727,47,15919,0.194
2,greedy,65,44,34,0.7727272727272727,47,17579,0.22
2,greedy,62,44,44,1.0,65,20265,0.314
2,greedy,68,44,34,0.7727272727272727,47,16484,0.222
2,greedy,67,44,44,1.0,65,20030,0.277
2,greedy,66,44,43,0.9772727272727273,65,20128,0.324
2,greedy,71,44,34,0.7727272727272727,47,16555,0.227
2,greedy,69,44,43,0.9772727272727273,65,18288,0.309
2,greedy,73,44,34,0.7727272727272727,47,13413,0.216
2,greedy,70,44,44,1.0,65,19105,0.329
2,greedy,72,44,43,0.9772727272727273,65,18417,0.256
2,greedy,75,44,34,0.7727272727272727,47,16176,0.203
2,greedy,76,44,34,0.7727272727272727,47,13855,0.206
2,greedy,74,44,42,0.9545454545454546,65,19727,0.26
2,greedy,77,44,34,0.7727272727272727,47,14662,0.181
2,greedy,80,44,34,0.7727272727272727,47,14500,0.205
2,greedy,81,44,34,0.7727272727272727,47,17206,0.212
2,greedy,79,44,44,1.0,65,19378,0.294
2,greedy,78,44,44,1.0,65,20243,0.309
2,greedy,83,44,34,0.7727272727272727,47,13811,0.2
2,greedy,82,44,43,0.9772727272727273,65,18247,0.248
2,greedy,84,44,34,0.7727272727272727,47,16812,0.214
2,greedy,85,44,43,0.9772727272727273,65,18814,0.254
2,greedy,87,44,43,0.9772727272727273,65,16190,0.218
2,greedy,88,44,34,0.7727272727272727,47,14576,0.227
2,greedy,86,44,43,0.9772727272727273,65,18517,0.302
2,greedy,92,44,34,0.7727272727272727,47,14684,0.188
2,greedy,89,44,43,0.9772727272727273,65,18330,0.284
2,greedy,93,44,34,0.7727272727272727,47,16113,0.201
2,greedy,91,44,43,0.9772727272727273,65,20089,0.271
2,greedy,90,44,43,0.9772727272727273,65,20045,0.319
2,greedy,94,44,44,1.0,65,20013,0.268
2,greedy,96,44,34,0.7727272727272727,47,16533,0.258
2,greedy,99,44,34,0.7727272727272727,47,16142,0.2
2,greedy,97,44,43,0.9772727272727273,65,20280,0.268
2,greedy,95,44,43,0.9772727272727273,65,18550,0.298
2,greedy,98,44,34,0.7727272727272727,47,15486,0.24
2,greedy,100,44,44,1.0,65,19194,0.247
2,greedy,101,44,43,0.9772727272727273,65,20138,0.331
2,greedy,103,44,34,0.7727272727272727,47,14033,0.206
2,greedy,102,44,43,0.9772727272727273,65,20017,0.258
2,greedy,105,44,34,0.7727272727272727,47,16872,0.209
2,greedy,104,44,40,0.9090909090909091,59,18459,0.237
2,greedy,106,44,34,0.7727272727272727,47,15366,0.233
2,greedy,107,44,43,0.9772727272727273,65,18593,0.272
2,greedy,108,44,43,0.9772727272727273,65,20262,0.259
2,greedy,110,44,34,0.7727272727272727,47,14164,0.196
2,greedy,109,44,32,0.7272727272727273,43,14848,0.214
2,greedy,112,44,34,0.7727272727272727,47,14662,0.189
2,greedy,111,44,44,1.0,65,20266,0.262
2,greedy,113,44,43,0.9772727272727273,65,17384,0.235
2,greedy,116,44,34,0.7727272727272727,47,15377,0.196
2,greedy,115,44,35,0.7954545454545454,48,18461,0.272
2,greedy,114,44,44,1.0,65,19982,0.321
2,greedy,119,44,34,0.7727272727272727,47,14662,0.182
2,greedy,118,44,44,1.0,65,20026,0.312
2,greedy,117,44,43,0.9772727272727273,65,20021,0.315
2,greedy,120,44,43,0.9772727272727273,65,19969,0.254
2,greedy,121,44,44,1.0,65,20158,0.252
2,greedy,122,44,44,1.0,65,19446,0.252
2,greedy,124,44,34,0.7727272727272727,47,16142,0.227
2,greedy,125,44,43,0.9772727272727273,63,19297,0.25
2,greedy,123,44,43,0.9772727272727273,65,19988,0.299
2,greedy,129,44,34,0.7727272727272727,47,17604,0.212
2,greedy,128,44,44,1.0,65,20096,0.267
2,greedy,127,44,43,0.9772727272727273,65,18627,0.281
2,greedy,126,44,44,1.0,65,19912,0.31
2,greedy,130,44,34,0.7727272727272727,47,18305,0.232
2,greedy,131,44,34,0.7727272727272727,47,16832,0.24
2,greedy,132,44,34,0.7727272727272727,47,15519,0.208
2,greedy,133,44,34,0.7727272727272727,47,14116,0.215
2,greedy,134,44,34,0.7727272727272727,47,16536,0.252
2,greedy,135,44,34,0.7727272727272727,47,14596,0.244
2,greedy,136,44,34,0.7727272727272727,47,17617,0.273
2,greedy,139,44,43,0.9772727272727273,65,17500,0.265
2,greedy,137,44,42,0.9545454545454546,65,19668,0.312
2,greedy,138,44,44,1.0,65,20204,0.327
2,greedy,140,44,44,1.0,65,19935,0.338
2,greedy,141,44,44,1.0,65,19910,0.318
2,greedy,142,44,34,0.7727272727272727,47,15402,0.253
2,greedy,144,44,34,0.7727272727272727,47,15068,0.229
2,greedy,143,44,43,0.9772727272727273,65,19924,0.329
2,greedy,145,44,34,0.7727272727272727,47,17604,0.258
2,greedy,148,44,34,0.7727272727272727,47,15443,0.205
2,greedy,150,44,34,0.7727272727272727,47,14662,0.198
2,greedy,147,44,43,0.9772727272727273,65,20242,0.323
2,greedy,146,44,44,1.0,65,19917,0.456
2,greedy,152,44,34,0.7727272727272727,47,14661,0.278
2,greedy,151,44,34,0.7727272727272727,47,14348,0.369
2,greedy,149,44,43,0.9772727272727273,63,20045,0.464
2,greedy,155,44,34,0.7727272727272727,47,12877,0.235
2,greedy,154,44,42,0.9545454545454546,65,15063,0.296
2,greedy,156,44,34,0.7727272727272727,47,15424,0.25
2,greedy,153,44,34,0.7727272727272727,47,18425,0.407
2,greedy,157,44,34,0.7727272727272727,47,13525,0.222
2,greedy,159,44,34,0.7727272727272727,47,14596,0.213
2,greedy,158,44,44,1.0,65,20513,0.266
2,greedy,163,44,34,0.7727272727272727,47,16857,0.205
2,greedy,162,44,43,0.9772727272727273,65,18577,0.241
2,greedy,161,44,43,0.9772727272727273,65,19328,0.252
2,greedy,160,44,44,1.0,65,19275,0.287
2,greedy,164,44,43,0.9772727272727273,65,18503,0.266
2,greedy,165,44,43,0.9772727272727273,65,19418,0.281
2,greedy,169,44,34,0.7727272727272727,47,14625,0.178
2,greedy,170,44,34,0.7727272727272727,47,15402,0.187
2,greedy,166,44,43,0.9772727272727273,65,20095,0.285
2,greedy,167,44,42,0.9545454545454546,65,20274,0.254
2,greedy,171,44,34,0.7727272727272727,47,16119,0.209
2,greedy,168,44,42,0.9545454545454546,65,19937,0.249
2,greedy,172,44,34,0.7727272727272727,47,14994,0.201
2,greedy,173,44,34,0.7727272727272727,47,15366,0.199
2,greedy,175,44,34,0.7727272727272727,47,16837,0.199
2,greedy,174,44,42,0.9545454545454546,65,19725,0.246
2,greedy,177,44,44,1.0,65,20223,0.259
2,greedy,178,44,43,0.9772727272727273,65,17307,0.247
2,greedy,179,44,44,1.0,65,20056,0.257
2,greedy,176,44,44,1.0,65,20188,0.293
2,greedy,182,44,34,0.7727272727272727,47,15970,0.192
2,greedy,180,44,44,1.0,65,19218,0.298
2,greedy,181,44,44,1.0,65,17734,0.264
2,greedy,186,44,34,0.7727272727272727,47,12621,0.159
2,greedy,183,44,43,0.9772727272727273,65,19182,0.25
2,greedy,184,44,34,0.7727272727272727,47,18305,0.218
2,greedy,187,44,34,0.7727272727272727,47,13608,0.196
2,greedy,185,44,43,0.9772727272727273,65,19976,0.298
2,greedy,189,44,34,0.7727272727272727,47,13922,0.203
2,greedy,188,44,44,1.0,65,19978,0.252
2,greedy,192,44,34,0.7727272727272727,47,14442,0.176
2,greedy,193,44,34,0.7727272727272727,47,14291,0.172
2,greedy,191,44,41,0.9318181818181818,61,18583,0.236
2,greedy,190,44,42,0.9545454545454546,65,18806,0.28
3,greedy,1,29,29,1.0,24,3044,0.068
3,greedy,0,29,29,1.0,24,3419,0.071
2,greedy,195,44,34,0.7727272727272727,47,14701,0.191
2,greedy,194,44,44,1.0,65,20004,0.299
2,greedy,199,44,34,0.7727272727272727,47,13592,0.161
3,greedy,2,29,29,1.0,24,3419,0.07
3,greedy,3,29,29,1.0,24,3419,0.082
3,greedy,4,29,29,1.0,24,3419,0.085
2,greedy,197,44,44,1.0,65,17838,0.225
3,greedy,5,29,28,0.9655172413793104,23,2696,0.068
2,greedy,196,44,43,0.9772727272727273,65,20076,0.269
3,greedy,7,29,27,0.9310344827586207,21,3403,0.066
3,greedy,6,29,29,1.0,24,3419,0.073
2,greedy,198,44,44,1.0,65,20083,0.255
3,greedy,8,29,29,1.0,24,3419,0.086
3,greedy,10,29,29,1.0,24,3419,0.069
3,greedy,9,29,29,1.0,24,3419,0.081
3,greedy,11,29,27,0.9310344827586207,21,3461,0.07
3,greedy,13,29,29,1.0,24,2756,0.058
3,greedy,12,29,27,0.9310344827586207,21,3603,0.078
3,greedy,14,29,29,1.0,24,3044,0.07
3,greedy,15,29,29,1.0,24,3103,0.067
3,greedy,17,29,29,1.0,24,3044,0.061
3,greedy,16,29,27,0.9310344827586207,21,3591,0.084
3,greedy,18,29,29,1.0,24,3419,0.085
3,greedy,20,29,29,1.0,24,3072,0.068
3,greedy,19,29,29,1.0,24,3044,0.079
3,greedy,21,29,29,1.0,24,3419,0.084
3,greedy,22,29,29,1.0,24,3419,0.077
3,greedy,23,29,29,1.0,24,3419,0.078
3,greedy,24,29,27,0.9310344827586207,21,3621,0.075
3,greedy,25,29,29,1.0,24,2815,0.066
3,greedy,27,29,28,0.9655172413793104,23,3043,0.063
3,greedy,28,29,29,1.0,24,3044,0.07
3,greedy,26,29,29,1.0,24,3419,0.078
3,greedy,30,29,29,1.0,24,2697,0.063
3,greedy,31,29,29,1.0,24,3419,0.071
3,greedy,29,29,29,1.0,24,3419,0.089
3,greedy,34,29,29,1.0,24,2697,0.061
3,greedy,32,29,29,1.0,24,3419,0.077
3,greedy,33,29,29,1.0,24,2757,0.072
3,greedy,35,29,29,1.0,24,2728,0.073
3,greedy,37,29,29,1.0,24,2697,0.057
3,greedy,36,29,26,0.896551724137931,20,3399,0.084
3,greedy,38,29,29,1.0,24,3419,0.074
3,greedy,39,29,29,1.0,24,3419,0.081
3,greedy,40,29,29,1.0,24,3044,0.068
3,greedy,41,29,29,1.0,24,3419,0.072
3,greedy,42,29,29,1.0,24,3419,0.082
3,greedy,44,29,29,1.0,24,3044,0.066
3,greedy,43,29,29,1.0,24,3132,0.078
3,greedy,45,29,27,0.9310344827586207,21,3611,0.082
3,greedy,46,29,29,1.0,24,3419,0.069
3,greedy,47,29,29,1.0,24,3103,0.071
3,greedy,48,29,27,0.9310344827586207,21,3611,0.073
3,greedy,49,29,29,1.0,24,3419,0.071
3,greedy,51,29,29,1.0,24,3044,0.066
3,greedy,50,29,28,0.9655172413793104,23,3071,0.078
3,greedy,52,29,28,0.9655172413793104,23,3418,0.082
3,greedy,54,29,29,1.0,24,3419,0.075
3,greedy,53,29,29,1.0,24,3072,0.084
3,greedy,56,29,29,1.0,24,3419,0.074
3,greedy,57,29,29,1.0,24,3419,0.075
3,greedy,55,29,29,1.0,24,3419,0.088
3,greedy,58,29,29,1.0,24,3419,0.076
3,greedy,59,29,29,1.0,24,3419,0.077
3,greedy,60,29,27,0.9310344827586207,21,3812,0.078
3,greedy,61,29,26,0.896551724137931,20,3593,0.069
3,greedy,62,29,29,1.0,24,3419,0.082
3,greedy,63,29,27,0.9310344827586207,21,3599,0.073
3,greedy,64,29,29,1.0,24,3419,0.074
3,greedy,66,29,29,1.0,24,3419,0.072
3,greedy,65,29,27,0.9310344827586207,21,3788,0.089
3,greedy,67,29,29,1.0,24,3419,0.097
3,greedy,68,29,29,1.0,24,3044,0.092
3,greedy,69,29,29,1.0,24,3419,0.086
3,greedy,71,29,29,1.0,24,2757,0.071
3,greedy,72,29,29,1.0,24,3044,0.079
3,greedy,70,29,29,1.0,24,3419,0.093
3,greedy,73,29,27,0.9310344827586207,21,3613,0.084
3,greedy,75,29,28,0.9655172413793104,23,2755,0.068
3,greedy,74,29,29,1.0,24,3419,0.099
3,greedy,77,29,26,0.896551724137931,20,3814,0.07
3,greedy,76,29,27,0.9310344827586207,21,3422,0.078
3,greedy,78,29,29,1.0,24,3419,0.074
3,greedy,79,29,29,1.0,24,3419,0.072
3,greedy,81,29,27,0.9310344827586207,21,3410,0.067
3,greedy,80,29,24,0.8275862068965517,19,3998,0.084
3,greedy,86,29,29,1.0,24,2381,0.054
3,greedy,82,29,29,1.0,24,3044,0.083
3,greedy,84,29,28,0.9655172413793104,23,3416,0.072
3,greedy,83,29,24,0.8275862068965517,19,3403,0.087
3,greedy,87,29,29,1.0,24,2441,0.055
3,greedy,85,29,29,1.0,24,3044,0.089
3,greedy,88,29,27,0.9310344827586207,21,3586,0.072
3,greedy,89,29,29,1.0,24,3044,0.08
3,greedy,92,29,29,1.0,24,2728,0.061
3,greedy,90,29,29,1.0,24,3419,0.071
3,greedy,91,29,29,1.0,24,3044,0.072
3,greedy,93,29,29,1.0,24,3044,0.073
3,greedy,94,29,29,1.0,24,3419,0.073
3,greedy,95,29,29,1.0,24,3072,0.074
3,greedy,96,29,29,1.0,24,3419,0.072
3,greedy,98,29,29,1.0,24,3103,0.069
3,greedy,97,29,29,1.0,24,3419,0.085
3,greedy,99,29,29,1.0,24,3419,0.07
3,greedy,102,29,29,1.0,24,3419,0.071
3,greedy,100,29,29,1.0,24,3419,0.08
3,greedy,101,29,29,1.0,24,3044,0.078
3,greedy,103,29,29,1.0,24,2381,0.06
3,greedy,104,29,29,1.0,24,3044,0.066
3,greedy,107,29,29,1.0,24,3044,0.068
3,greedy,105,29,29,1.0,24,3419,0.07
3,greedy,106,29,27,0.9310344827586207,21,3812,0.079
3,greedy,108,29,29,1.0,24,3419,0.075
3,greedy,110,29,27,0.9310344827586207,21,2933,0.071
3,greedy,109,29,27,0.9310344827586207,21,3603,0.081
3,greedy,112,29,27,0.9310344827586207,21,3040,0.063
3,greedy,111,29,29,1.0,24,3419,0.08
3,greedy,114,29,29,1.0,24,2695,0.057
3,greedy,113,29,29,1.0,24,3044,0.071
3,greedy,115,29,29,1.0,24,3419,0.078
3,greedy,119,29,27,0.9310344827586207,21,3063,0.064
3,greedy,116,29,26,0.896551724137931,20,3397,0.075
3,greedy,117,29,29,1.0,24,3072,0.081
3,greedy,120,29,29,1.0,24,3072,0.075
3,greedy,118,29,29,1.0,24,3419,0.084
3,greedy,121,29,29,1.0,24,3419,0.075
3,greedy,122,29,29,1.0,24,3072,0.065
3,greedy,124,29,24,0.8275862068965517,19,4034,0.072
3,greedy,123,29,29,1.0,24,3419,0.08
3,greedy,125,29,29,1.0,24,3419,0.071
3,greedy,126,29,29,1.0,24,3419,0.078
3,greedy,127,29,29,1.0,24,3044,0.075
3,greedy,128,29,29,1.0,24,3419,0.077
3,greedy,130,29,29,1.0,24,3419,0.07
3,greedy,129,29,29,1.0,24,3419,0.074
3,greedy,131,29,29,1.0,24,3132,0.071
3,greedy,132,29,29,1.0,24,3419,0.074
3,greedy,133,29,28,0.9655172413793104,23,3069,0.084
3,greedy,134,29,29,1.0,24,2697,0.073
3,greedy,135,29,27,0.9310344827586207,21,3040,0.087
3,greedy,138,29,29,1.0,24,3419,0.074
3,greedy,137,29,29,1.0,24,3419,0.077
3,greedy,136,29,28,0.9655172413793104,23,3413,0.094
3,greedy,139,29,29,1.0,24,2468,0.053
3,greedy,140,29,29,1.0,24,3419,0.075
3,greedy,141,29,29,1.0,24,3419,0.089
3,greedy,142,29,28,0.9655172413793104,23,3418,0.092
3,greedy,145,29,27,0.9310344827586207,21,3415,0.075
3,greedy,144,29,27,0.9310344827586207,21,3599,0.076
3,greedy,143,29,29,1.0,24,3419,0.091
3,greedy,147,29,29,1.0,24,3419,0.081
3,greedy,146,29,29,1.0,24,3419,0.095
3,greedy,148,29,29,1.0,24,2697,0.066
3,greedy,151,29,29,1.0,24,2470,0.055
3,greedy,149,29,29,1.0,24,3419,0.09
3,greedy,152,29,26,0.896551724137931,20,3589,0.078
3,greedy,150,29,27,0.9310344827586207,21,3584,0.089
3,greedy,154,29,29,1.0,24,2757,0.064
3,greedy,153,29,29,1.0,24,2756,0.076
3,greedy,155,29,29,1.0,24,3044,0.077
3,greedy,156,29,29,1.0,24,3419,0.075
3,greedy,157,29,27,0.9310344827586207,21,3609,0.074
3,greedy,159,29,28,0.9655172413793104,23,3418,0.074
3,greedy,161,29,29,1.0,24,3419,0.073
3,greedy,162,29,29,1.0,24,2728,0.073
3,greedy,158,29,29,1.0,24,3419,0.086
3,greedy,160,29,29,1.0,24,3419,0.086
3,greedy,164,29,29,1.0,24,3044,0.069
3,greedy,163,29,29,1.0,24,3419,0.091
3,greedy,165,29,29,1.0,24,3419,0.069
3,greedy,167,29,29,1.0,24,3419,0.07
3,greedy,166,29,29,1.0,24,3419,0.074
3,greedy,169,29,27,0.9310344827586207,21,3068,0.069
3,greedy,168,29,29,1.0,24,3103,0.083
3,greedy,171,29,27,0.9310344827586207,21,3247,0.071
3,greedy,170,29,24,0.8275862068965517,19,3638,0.088
3,greedy,173,29,27,0.9310344827586207,21,3464,0.068
3,greedy,175,29,29,1.0,24,3419,0.063
3,greedy,174,29,29,1.0,24,3419,0.076
3,greedy,172,29,29,1.0,24,3419,0.109
3,greedy,180,29,29,1.0,24,3419,0.067
3,greedy,178,29,29,1.0,24,2697,0.099
3,greedy,181,29,29,1.0,24,3072,0.057
3,greedy,176,29,29,1.0,24,3419,0.121
3,greedy,177,29,29,1.0,24,3103,0.116
3,greedy,182,29,29,1.0,24,3419,0.066
3,greedy,179,29,29,1.0,24,3419,0.114
3,greedy,184,29,28,0.9655172413793104,23,3097,0.067
3,greedy,186,29,24,0.8275862068965517,19,3357,0.055
3,greedy,183,29,29,1.0,24,3419,0.107
3,greedy,188,29,29,1.0,24,3419,0.079
3,greedy,185,29,29,1.0,24,3419,0.105
3,greedy,187,29,29,1.0,24,3044,0.095
3,greedy,189,29,16,0.5517241379310345,14,5865,0.091
3,greedy,190,29,29,1.0,24,3419,0.104
3,greedy,191,29,29,1.0,24,3044,0.074
3,greedy,192,29,29,1.0,24,3419,0.074
3,greedy,193,29,29,1.0,24,2697,0.079
3,greedy,195,29,29,1.0,24,3103,0.066
3,greedy,194,29,29,1.0,24,3419,0.076
3,greedy,197,29,29,1.0,24,3103,0.069
3,greedy,196,29,29,1.0,24,3419,0.084
3,greedy,198,29,29,1.0,24,3419,0.066
3,greedy,199,29,28,0.9655172413793104,23,3038,0.064
